timestamp,normalized_value,denormalized_value,true_value,data_type
2025-06-24 16:00:00,1.2294318407994662,6474.82905,6474.82905,input
2025-06-24 17:00:00,1.1133374018272801,6337.065149999999,6337.065149999999,input
2025-06-24 18:00:00,0.9274133397222706,6116.437666666668,6116.437666666668,input
2025-06-24 19:00:00,0.8885554093540371,6070.326758333334,6070.326758333334,input
2025-06-24 20:00:00,0.8116990944989254,5979.124925,5979.124925,input
2025-06-24 21:00:00,0.6732562308674287,5814.841183333333,5814.841183333333,input
2025-06-24 22:00:00,0.7330823250709184,5885.834041666666,5885.834041666666,input
2025-06-24 23:00:00,0.4756579123613339,5580.3604000000005,5580.3604000000005,input
2025-06-25 00:00:00,0.20466179982576482,5258.78185,5258.78185,input
2025-06-25 01:00:00,-0.010767632888913489,5003.141708333334,5003.141708333334,input
2025-06-25 02:00:00,-0.21411951126936873,4761.833441666667,4761.833441666667,input
2025-06-25 03:00:00,-0.34433103522283254,4607.31745,4607.31745,input
2025-06-25 04:00:00,-0.3811489714558144,4563.6273083333335,4563.6273083333335,input
2025-06-25 05:00:00,-0.24784124101727992,4721.817425,4721.817425,input
2025-06-25 06:00:00,-0.1046497652577878,4891.736125,4891.736125,input
2025-06-25 07:00:00,0.30498135485656197,5377.826425,5377.826425,input
2025-06-25 08:00:00,0.7679976071480761,5927.266391666667,5927.266391666667,input
2025-06-25 09:00:00,1.1586615543285008,6390.849224999999,6390.849224999999,input
2025-06-25 10:00:00,1.2915987751124647,6548.599675,6548.599675,input
2025-06-25 11:00:00,1.4530397966055195,6740.174266666666,6740.174266666666,input
2025-06-25 12:00:00,1.5266739485471221,6827.552508333333,6827.552508333333,input
2025-06-25 13:00:00,1.593683253032055,6907.069350000001,6907.069350000001,input
2025-06-25 14:00:00,1.573181316186316,6882.74065,6882.74065,input
2025-06-25 15:00:00,1.6072083793169247,6923.118991666666,6923.118991666666,input
2025-06-25 16:00:00,1.6064134408810233,6922.175675,6922.175675,input
2025-06-25 17:00:00,1.4529821414830022,6740.10585,6740.10585,input
2025-06-25 18:00:00,1.2578129224749421,6508.507566666667,6508.507566666667,input
2025-06-25 19:00:00,1.209032721085126,6450.622358333333,6450.622358333333,input
2025-06-25 20:00:00,1.1221001026314161,6347.463441666667,6347.463441666667,input
2025-06-25 21:00:00,0.9695983568999355,6166.496674999999,6166.496674999999,input
2025-06-25 22:00:00,1.0175051990556572,6223.345508333333,6223.345508333333,input
2025-06-25 23:00:00,0.7265982656649473,5878.139708333333,5878.139708333333,input
2025-06-26 00:00:00,0.4330197231116587,5529.763633333333,5529.763633333333,input
2025-06-26 01:00:00,0.18551791148343155,5236.064683333333,5236.064683333333,input
2025-06-26 02:00:00,-0.001413317493243604,5014.242041666666,5014.242041666666,input
2025-06-26 03:00:00,-0.141761138676447,4847.697775,4847.697775,input
2025-06-26 04:00:00,-0.17853594943958986,4804.058808333333,4804.058808333333,input
2025-06-26 05:00:00,-0.03985902426929784,4968.6203,4968.6203,input
2025-06-26 06:00:00,0.1468841549058218,5190.219791666667,5190.219791666667,input
2025-06-26 07:00:00,0.6530066212089235,5790.811908333333,5790.811908333333,input
2025-06-26 08:00:00,1.2222995650617048,6466.365508333333,6466.365508333333,input
2025-06-26 09:00:00,1.7459082331078044,7087.7076916666665,7087.7076916666665,input
2025-06-26 10:00:00,2.0762928648548917,7479.759849999999,7479.759849999999,input
2025-06-26 11:00:00,2.3578038110476163,7813.815866666667,7813.815866666667,input
2025-06-26 12:00:00,2.4969973219021373,7978.990366666666,7978.990366666666,input
2025-06-26 13:00:00,2.510363598141777,7994.851508333333,7994.851508333333,input
2025-06-26 14:00:00,2.5769284034019977,8073.840883333333,8073.840883333333,input
2025-06-26 15:00:00,2.6646493871862904,8177.935316666667,8177.935316666667,input
2025-06-26 16:00:00,2.689649498038315,8207.601791666666,8207.601791666666,input
2025-06-26 17:00:00,2.505384646425647,7988.943216666667,7988.943216666667,input
2025-06-26 18:00:00,2.2581863984979154,7695.604491666666,7695.604491666666,input
2025-06-26 19:00:00,2.1926407475995098,7617.8245,7617.8245,input
2025-06-26 20:00:00,2.096154836863233,7503.329133333333,7503.329133333333,input
2025-06-26 21:00:00,1.902551828738806,7273.5894,7273.5894,input
2025-06-26 22:00:00,1.8727651207943874,7238.242891666666,7238.242891666666,input
2025-06-26 23:00:00,1.4801540035237102,6772.349441666666,6772.349441666666,input
2025-06-27 00:00:00,1.0995371742306552,6320.689058333333,6320.689058333333,input
2025-06-27 01:00:00,0.7662306216051522,5925.169591666668,5925.169591666668,input
2025-06-27 02:00:00,0.5095440118775338,5620.571466666667,5620.571466666667,input
2025-06-27 03:00:00,0.3322160406154238,5410.144566666667,5410.144566666667,input
2025-06-27 04:00:00,0.247162199652915,5309.215108333333,5309.215108333333,input
2025-06-27 05:00:00,0.3472130017557282,5427.940766666667,5427.940766666667,input
2025-06-27 06:00:00,0.5452058540545358,5662.889725,5662.889725,input
2025-06-27 07:00:00,1.1245261683885337,6350.3423416666665,6350.3423416666665,input
2025-06-27 08:00:00,1.8721890962603414,7237.559349999999,7237.559349999999,input
2025-06-27 09:00:00,2.5148427059291065,8000.166658333333,8000.166658333333,input
2025-06-27 10:00:00,2.841657509458121,8387.982666666667,8387.982666666667,input
2025-06-27 11:00:00,3.1441664934070737,8746.956083333333,8746.956083333333,input
2025-06-27 12:00:00,3.242770727783664,8863.965166666667,8863.965166666667,input
2025-06-27 13:00:00,3.1927726409343316,8804.63475,8804.63475,input
2025-06-27 14:00:00,3.1763743232345236,8785.175625,8785.175625,input
2025-06-27 15:00:00,3.235487010789252,8855.321916666666,8855.321916666666,input
2025-06-27 16:00:00,3.149621609018735,8753.429416666666,8753.429416666666,input
2025-06-27 17:00:00,2.696781240062398,8216.0647,8216.0647,input
2025-06-27 18:00:00,2.181128487345349,7604.163433333334,7604.163433333334,input
2025-06-27 19:00:00,2.041746624719688,7438.765425,7438.765425,input
2025-06-27 20:00:00,1.9262376415640747,7301.696258333333,7301.696258333333,input
2025-06-27 21:00:00,1.7760839410767808,7123.515808333334,7123.515808333334,input
2025-06-27 22:00:00,1.816691651744312,7171.7031,7171.7031,input
2025-06-27 23:00:00,1.49202817081063,6786.439966666666,6786.439966666666,input
2025-06-28 00:00:00,1.1467585243675809,6376.724450000001,6376.724450000001,input
2025-06-28 01:00:00,0.8288110014337531,5999.430833333333,5999.430833333333,input
2025-06-28 02:00:00,0.5645492670425419,5685.843658333334,5685.843658333334,input
2025-06-28 03:00:00,0.38301830055182845,5470.429258333334,5470.429258333334,input
2025-06-28 04:00:00,0.3010676956453582,5373.182266666667,5373.182266666667,input
2025-06-28 05:00:00,0.3274944793439369,5404.541708333333,5404.541708333333,input
2025-06-28 06:00:00,0.3917703973078507,5480.814966666666,5480.814966666666,input
2025-06-28 07:00:00,0.719388292451481,5869.583966666666,5869.583966666666,input
2025-06-28 08:00:00,1.1880486862904425,6425.721575,6425.721575,input
2025-06-28 09:00:00,1.6776119693771092,7006.663675,7006.663675,input
2025-06-28 10:00:00,2.0636701711545693,7464.781083333332,7464.781083333332,input
2025-06-28 11:00:00,2.3660727775400763,7823.628266666667,7823.628266666667,input
2025-06-28 12:00:00,2.439946321134723,7911.290583333332,7911.290583333332,input
2025-06-28 13:00:00,2.479667968778073,7958.426425000001,7958.426425000001,input
2025-06-28 14:00:00,2.4945623304859796,7976.100875,7976.100875,input
2025-06-28 15:00:00,2.549713170102256,8041.545825,8041.545825,input
2025-06-28 16:00:00,2.5452015619608437,8036.192108333334,8036.192108333334,input
2025-06-28 17:00:00,2.422219203845675,7890.254633333334,7890.254633333334,input
2025-06-28 18:00:00,2.217369254368893,7647.168675,7647.168675,input
2025-06-28 19:00:00,2.2173712979304825,7647.1711,7647.1711,input
2025-06-28 20:00:00,2.2040058082162672,7631.310891666667,7631.310891666667,input
2025-06-28 21:00:00,2.0297365851659626,7424.513666666667,7424.513666666667,input
2025-06-28 22:00:00,1.9615619660189763,7343.614,7343.614,input
2025-06-28 23:00:00,1.5629253968668126,6870.570425000001,6870.570425000001,input
2025-06-29 00:00:00,1.2027717820875148,6443.192791666667,6443.192791666667,input
2025-06-29 01:00:00,0.8721649428633612,6050.876950000001,6050.876950000001,input
2025-06-29 02:00:00,0.5981121186550276,5725.671141666667,5725.671141666667,input
2025-06-29 03:00:00,0.3885001439827707,5476.934308333333,5476.934308333333,input
2025-06-29 04:00:00,0.3017798803706939,5374.027383333333,5374.027383333333,input
2025-06-29 05:00:00,0.3383533406255755,5417.427416666666,5417.427416666666,input
2025-06-29 06:00:00,0.38154711879339775,5468.683475000001,5468.683475000001,input
2025-06-29 07:00:00,0.6162608346383952,5747.207383333333,5747.207383333333,input
2025-06-29 08:00:00,1.028491667064613,6236.382641666667,6236.382641666667,input
2025-06-29 09:00:00,1.459551342266002,6747.901216666666,6747.901216666666,input
2025-06-29 10:00:00,1.8431228385807497,7203.067766666667,7203.067766666667,input
2025-06-29 11:00:00,2.155712992754356,7574.004041666667,7574.004041666667,input
2025-06-29 12:00:00,2.234248504274608,7667.198499999999,7667.198499999999,input
2025-06-29 13:00:00,2.302871281394032,7748.629975,7748.629975,input
2025-06-29 14:00:00,2.275790761640607,7716.494775,7716.494775,input
2025-06-29 15:00:00,2.301642876156985,7747.172283333333,7747.172283333333,input
2025-06-29 16:00:00,2.275033920529877,7715.596666666667,7715.596666666667,input
2025-06-29 17:00:00,2.2660015257762676,7704.878341666666,7704.878341666666,input
2025-06-29 18:00:00,2.0976761666399226,7505.134425,7505.134425,input
2025-06-29 19:00:00,2.1541893876719787,7572.1960500000005,7572.19605,input
2025-06-29 20:00:00,2.180903660457723,7603.896641666666,7603.896641666666,input
2025-06-29 21:00:00,2.0800888261545984,7484.264341666666,7484.264341666666,input
2025-06-29 22:00:00,2.078878742746376,7482.828391666667,7482.828391666667,input
2025-06-29 23:00:00,1.711986957646575,7047.454883333333,7047.454883333333,input
2025-06-30 00:00:00,1.2809859839274176,6536.005966666667,6536.005966666667,input
2025-06-30 01:00:00,0.948651977009874,6141.640575,6141.640575,input
2025-06-30 02:00:00,0.6952785143330781,5840.974008333334,5840.974008333334,input
2025-06-30 03:00:00,0.5202497535134507,5633.275475,5633.275475,input
2025-06-30 04:00:00,0.46149006137753623,5563.548066666666,5563.548066666666,input
2025-06-30 05:00:00,0.5717142327431912,5694.345991666666,5694.345991666666,input
2025-06-30 06:00:00,0.8323448039784398,6003.624233333333,6003.624233333333,input
2025-06-30 07:00:00,1.471459575935302,6762.032166666667,6762.032166666667,input
2025-06-30 08:00:00,2.200004837660573,7626.563125000001,7626.563125,input
2025-06-30 09:00:00,2.7642723967070806,8296.153333333334,8296.153333333334,input
2025-06-30 10:00:00,3.0674120757295187,8655.875166666667,8655.875166666667,input
2025-06-30 11:00:00,3.3490047503407387,8990.028166666667,8990.028166666667,input
2025-06-30 12:00:00,3.4251845128811906,9080.427166666666,9080.427166666666,input
2025-06-30 13:00:00,3.3721192577844987,9017.457083333333,9017.457083333333,input
2025-06-30 14:00:00,3.293656429640379,8924.348875,8924.348875,input
2025-06-30 15:00:00,3.306709661739157,8939.838541666666,8939.838541666666,input
2025-06-30 16:00:00,3.265229083415922,8890.615458333334,8890.615458333334,input
2025-06-30 17:00:00,3.11140560277891,8708.08025,8708.08025,input
2025-06-30 18:00:00,2.8327766191640986,8377.444125,8377.444125,input
2025-06-30 19:00:00,2.8193929761622196,8361.562375,8361.562375,input
2025-06-30 20:00:00,2.784748532709928,8320.451416666667,8320.451416666667,input
2025-06-30 21:00:00,2.6012772080009294,8102.734483333334,8102.734483333334,input
2025-06-30 22:00:00,2.5333228510850954,8022.096191666666,8022.096191666666,input
2025-06-30 23:00:00,2.060516990734178,7461.03935,7461.03935,input
2025-07-01 00:00:00,1.6238354565314734,6942.849575,6942.849575,input
2025-07-01 01:00:00,1.2726002324547547,6526.054983333334,6526.054983333334,input
2025-07-01 02:00:00,0.9898382543739784,6190.514425,6190.514425,input
2025-07-01 03:00:00,0.8071480547481422,5973.724416666667,5973.724416666667,input
2025-07-01 04:00:00,0.7190260132236568,5869.154066666667,5869.154066666667,input
2025-07-01 05:00:00,0.7999152161170248,5965.141541666667,5965.141541666667,input
2025-07-01 06:00:00,1.0542300794995434,6266.925225,6266.925225,input
2025-07-01 07:00:00,1.6605370431822541,6986.40165,6986.40165,input
2025-07-01 08:00:00,2.4027552698817076,7867.157683333334,7867.157683333334,input
2025-07-01 09:00:00,2.9802366175514896,8552.428083333334,8552.428083333334,input
2025-07-01 10:00:00,3.2425955854261006,8863.757333333333,8863.757333333333,input
2025-07-01 11:00:00,3.386304946041278,9034.290583333332,9034.290583333332,input
2025-07-01 12:00:00,3.358090031906488,9000.80925,9000.80925,input
2025-07-01 13:00:00,3.317771193768161,8952.964750000001,8952.964750000001,input
2025-07-01 14:00:00,3.357037632800459,8999.560416666667,8999.560416666667,input
2025-07-01 15:00:00,3.51504356771195,9187.05875,9187.05875,input
2025-07-01 16:00:00,3.53126196772127,9206.304375,9206.304375,input
2025-07-01 17:00:00,3.3119802598911163,8946.092916666666,8946.092916666666,input
2025-07-01 18:00:00,3.0455793940486258,8629.967333333332,8629.967333333332,input
2025-07-01 19:00:00,3.0040526073567952,8580.689416666666,8580.689416666666,input
2025-07-01 20:00:00,2.954743713409276,8522.176833333333,8522.176833333333,input
2025-07-01 21:00:00,2.757069762056711,8287.6063,8287.6063,input
2025-07-01 22:00:00,2.7268722209847027,8251.772275000001,8251.772275000001,input
2025-07-01 23:00:00,2.2597321175852634,7697.438725,7697.438725,input
2025-07-02 00:00:00,1.7923168215809406,7142.7786166666665,7142.7786166666665,input
2025-07-02 01:00:00,1.4379201094090501,6722.232433333334,6722.232433333334,input
2025-07-02 02:00:00,1.1395221042367691,6368.137325,6368.137325,input
2025-07-02 03:00:00,0.9294035791019735,6118.799391666666,6118.799391666666,input
2025-07-02 04:00:00,0.8199120210550036,5988.870824999999,5988.870824999999,input
2025-07-02 05:00:00,0.891568511001121,6073.902266666667,6073.902266666667,input
2025-07-02 06:00:00,1.0626536825081847,6276.921125000001,6276.921125000001,input
2025-07-02 07:00:00,1.6969906215130806,7029.659425000001,7029.659425000001,input
2025-07-02 08:00:00,2.3531730021693447,7808.3207,7808.3207,input
2025-07-02 09:00:00,2.903458604111246,8461.319166666666,8461.319166666666,input
2025-07-02 10:00:00,3.1850993480663927,8795.529208333333,8795.529208333333,input
2025-07-02 11:00:00,3.376030747028243,9022.098666666669,9022.098666666669,input
2025-07-02 12:00:00,3.3532478794335554,8995.063291666667,8995.063291666667,input
2025-07-02 13:00:00,3.3004517635050106,8932.412583333333,8932.412583333333,input
2025-07-02 14:00:00,3.355349377047857,8997.557041666667,8997.557041666667,input
2025-07-02 15:00:00,3.5965270046074127,9283.751375,9283.751375,input
2025-07-02 16:00:00,3.658779192658214,9357.623166666666,9357.623166666666,input
2025-07-02 17:00:00,3.4787392747154087,9143.978125,9143.978125,input
2025-07-02 18:00:00,3.3032801651061336,8935.768916666666,8935.768916666666,input
2025-07-02 19:00:00,3.0368220654940314,8619.575416666667,8619.575416666667,input
2025-07-02 20:00:00,2.991701700325373,8566.033166666666,8566.033166666666,input
2025-07-02 21:00:00,2.8236034504048892,8366.55875,8366.55875,input
2025-07-02 22:00:00,2.729585607287822,8254.992124999999,8254.992124999999,input
2025-07-02 23:00:00,2.298040210502504,7742.897166666667,7742.897166666667,input
2025-07-03 00:00:00,1.8181206139416504,7173.398783333334,7173.398783333334,input
2025-07-03 01:00:00,1.4297542198822792,6712.54235,6712.54235,input
2025-07-03 02:00:00,1.1404611594113208,6369.251658333334,6369.251658333334,input
2025-07-03 03:00:00,0.9167133495535082,6103.740483333334,6103.740483333334,input
2025-07-03 04:00:00,0.8114927860714806,5978.880108333334,5978.880108333334,input
2025-07-03 05:00:00,0.8738064776013332,6052.824883333334,6052.824883333334,input
2025-07-03 06:00:00,1.0645638156780761,6279.187791666667,6279.187791666667,input
2025-07-03 07:00:00,1.6381867154123224,6959.879550000001,6959.879550000001,input
2025-07-03 08:00:00,2.356877607136671,7812.716783333333,7812.716783333333,input
2025-07-03 09:00:00,2.8778278473435748,8430.904333333334,8430.904333333334,input
2025-07-03 10:00:00,3.1570137892734724,8762.201374999999,8762.201374999999,input
2025-07-03 11:00:00,3.2634945841819825,8888.557208333334,8888.557208333334,input
2025-07-03 12:00:00,3.1967136248814327,8809.311333333333,8809.311333333333,input
2025-07-03 13:00:00,3.1087770980185243,8704.961125,8704.961125,input
2025-07-03 14:00:00,3.1266997300781005,8726.229083333334,8726.229083333334,input
2025-07-03 15:00:00,3.34768654777706,8988.463916666666,8988.463916666666,input
2025-07-03 16:00:00,3.348303303091935,8989.195791666667,8989.195791666667,input
2025-07-03 17:00:00,3.1322837094532443,8732.855333333333,8732.855333333333,input
2025-07-03 18:00:00,2.831522076001836,8375.955416666666,8375.955416666666,input
2025-07-03 19:00:00,2.7884302441694095,8324.820333333333,8324.820333333333,input
2025-07-03 20:00:00,2.7267828731011705,8251.66625,8251.66625,input
2025-07-03 21:00:00,2.5735488722009734,8069.83055,8069.83055,input
2025-07-03 22:00:00,2.5265281562723714,8014.033241666666,8014.033241666667,input
2025-07-03 23:00:00,2.0941765077256482,7500.981541666667,7500.981541666667,input
2025-07-04 00:00:00,1.6636322313978043,6990.074566666666,6990.074566666666,input
2025-07-04 01:00:00,1.3227275061047965,6585.5387,6585.5387,input
2025-07-04 02:00:00,1.0486457419744302,6260.29855,6260.29855,input
2025-07-04 03:00:00,0.8470101393147674,6021.026908333333,6021.026908333333,input
2025-07-04 04:00:00,0.7665821844240891,5925.586775,5925.586775,input
2025-07-04 05:00:00,0.8498844402923559,6024.437708333334,6024.437708333334,input
2025-07-04 06:00:00,1.0464782885853796,6257.7265333333335,6257.7265333333335,input
2025-07-04 07:00:00,1.655789849609039,6980.768375,6980.768375,input
2025-07-04 08:00:00,2.364533231272789,7821.801358333333,7821.801358333333,input
2025-07-04 09:00:00,2.910771113554174,8469.996583333334,8469.996583333334,input
2025-07-04 10:00:00,3.1525405312689756,8756.893166666667,8756.893166666667,input
2025-07-04 11:00:00,3.281979301016992,8910.492166666667,8910.492166666667,input
2025-07-04 12:00:00,3.261862789718666,8886.620833333332,8886.620833333332,input
2025-07-04 13:00:00,3.224943145916935,8842.81,8842.81,input
2025-07-04 14:00:00,3.2416387983167922,8862.621958333333,8862.621958333333,input
2025-07-04 15:00:00,3.405900243795967,9057.543416666666,9057.543416666666,input
2025-07-04 16:00:00,3.412088653913511,9064.886916666666,9064.886916666666,input
2025-07-04 17:00:00,3.1832538574546945,8793.339249999999,8793.339249999999,input
2025-07-04 18:00:00,2.8854614277002066,8439.96275,8439.96275,input
2025-07-04 19:00:00,2.8537400849144636,8402.3205,8402.3205,input
2025-07-04 20:00:00,2.7901879880386145,8326.906166666666,8326.906166666666,input
2025-07-04 21:00:00,2.5994547724156907,8100.571883333333,8100.571883333333,input
2025-07-04 22:00:00,2.5943319848628494,8094.492908333334,8094.492908333334,input
2025-07-04 23:00:00,2.2002252965230826,7626.824733333334,7626.824733333334,input
2025-07-05 00:00:00,1.8027636559017564,7155.175391666667,7155.175391666667,input
2025-07-05 01:00:00,1.4632035239093832,6752.235091666666,6752.235091666666,input
2025-07-05 02:00:00,1.1759556121242147,6411.371283333334,6411.371283333334,input
2025-07-05 03:00:00,0.9635539792504602,6159.324091666666,6159.324091666666,input
2025-07-05 04:00:00,0.8471105687797034,6021.146083333333,6021.146083333333,input
2025-07-05 05:00:00,0.8533528067308761,6028.553458333333,6028.553458333333,input
2025-07-05 06:00:00,0.9035938175751089,6088.172141666667,6088.172141666667,input
2025-07-05 07:00:00,1.2552091019722487,6505.417733333333,6505.417733333333,input
2025-07-05 08:00:00,1.765922102838441,7111.457224999999,7111.457224999999,input
2025-07-05 09:00:00,2.2586103216557607,7696.107541666667,7696.107541666667,input
2025-07-05 10:00:00,2.6355959316124644,8143.458925,8143.458925,input
2025-07-05 11:00:00,2.873425376627138,8425.680125,8425.680125,input
2025-07-05 12:00:00,2.863625515647042,8414.051083333334,8414.051083333334,input
2025-07-05 13:00:00,2.891023777626221,8446.563333333334,8446.563333333334,input
2025-07-05 14:00:00,2.9256469778695466,8487.649083333334,8487.649083333334,input
2025-07-05 15:00:00,3.089823696302049,8682.47,8682.47,input
2025-07-05 16:00:00,3.134135836373197,8735.053166666667,8735.053166666667,input
2025-07-05 17:00:00,3.0069424562565827,8584.118666666667,8584.118666666667,input
2025-07-05 18:00:00,2.7701169126285596,8303.08875,8303.08875,input
2025-07-05 19:00:00,2.736949908025339,8263.731,8263.731,input
2025-07-05 20:00:00,2.7252142464608813,8249.804833333334,8249.804833333334,input
2025-07-05 21:00:00,2.5878628764624616,8086.816316666667,8086.816316666667,input
2025-07-05 22:00:00,2.529270749354365,8017.287749999999,8017.287749999999,input
2025-07-05 23:00:00,2.1463869360935215,7562.937241666666,7562.937241666666,input
2025-07-06 00:00:00,1.7611294452867645,7105.77,7105.77,input
2025-07-06 01:00:00,1.4290693739379372,6711.729675,6711.729675,input
2025-07-06 02:00:00,1.1377015226043132,6365.976925,6365.976925,input
2025-07-06 03:00:00,0.929923942917253,6119.416883333334,6119.416883333334,input
2025-07-06 04:00:00,0.8010356918074252,5966.471158333334,5966.471158333334,input
2025-07-06 05:00:00,0.8059593901125959,5972.313883333333,5972.313883333333,input
2025-07-06 06:00:00,0.8476479903650909,6021.783816666666,6021.783816666666,input
2025-07-06 07:00:00,1.1539019800024244,6385.2012583333335,6385.2012583333335,input
2025-07-06 08:00:00,1.6093987823942075,6925.7182416666665,6925.7182416666665,input
2025-07-06 09:00:00,2.1558906772744453,7574.214891666666,7574.214891666666,input
2025-07-06 10:00:00,2.624666156636893,8130.489066666666,8130.489066666666,input
2025-07-06 11:00:00,2.865526659954957,8416.307083333333,8416.307083333333,input
2025-07-06 12:00:00,2.8963773823004897,8452.916208333334,8452.916208333334,input
2025-07-06 13:00:00,2.8483037897325643,8395.869499999999,8395.869499999999,input
2025-07-06 14:00:00,2.8433932025252915,8390.042333333333,8390.042333333333,input
2025-07-06 15:00:00,2.9518721231353777,8518.76925,8518.76925,input
2025-07-06 16:00:00,2.968142279326545,8538.076291666666,8538.076291666666,input
2025-07-06 17:00:00,2.8440073243845085,8390.771083333333,8390.771083333333,input
2025-07-06 18:00:00,2.630131581349632,8136.974633333331,8136.974633333332,input
2025-07-06 19:00:00,2.6604515745984205,8172.953966666667,8172.953966666667,input
2025-07-06 20:00:00,2.6830071082556968,8199.719575000001,8199.719575000001,input
2025-07-06 21:00:00,2.6132222889817815,8116.909158333333,8116.909158333333,input
2025-07-06 22:00:00,2.57282015639666,8068.965816666667,8068.965816666667,input
2025-07-06 23:00:00,2.121328109714168,7533.201091666667,7533.201091666667,input
2025-07-07 00:00:00,1.6875071052716022,7018.405775,7018.405775,input
2025-07-07 01:00:00,1.3688252625398227,6640.240774999999,6640.240774999999,input
2025-07-07 02:00:00,1.108379875906376,6331.182283333333,6331.182283333333,input
2025-07-07 03:00:00,0.8986664394545665,6082.32505,6082.32505,input
2025-07-07 04:00:00,0.8023268435145933,5968.003308333333,5968.003308333333,input
2025-07-07 05:00:00,0.8952279680046636,6078.244775,6078.244775,input
2025-07-07 06:00:00,1.1318775757271529,6359.065916666666,6359.065916666666,input
2025-07-07 07:00:00,1.768743797905825,7114.8056,7114.8056,input
2025-07-07 08:00:00,2.521427693400953,8007.980758333334,8007.980758333334,input
2025-07-07 09:00:00,3.065020195738103,8653.036833333334,8653.036833333334,input
2025-07-07 10:00:00,3.3613917883837745,9004.727291666666,9004.727291666666,input
2025-07-07 11:00:00,3.437688090115236,9095.264583333334,9095.264583333334,input
2025-07-07 12:00:00,3.4044289496767624,9055.7975,9055.7975,input
2025-07-07 13:00:00,3.308493143248318,8941.954916666667,8941.954916666667,input
2025-07-07 14:00:00,3.3486896134804485,8989.654208333333,8989.654208333333,input
2025-07-07 15:00:00,3.471693165646744,9135.616833333332,9135.616833333332,input
2025-07-07 16:00:00,3.3551530968195524,8997.324125,8997.324125,input
2025-07-07 17:00:00,3.075710761646887,8665.722833333333,8665.722833333333,input
2025-07-07 18:00:00,2.8283416340484835,8372.181333333334,8372.181333333334,input
2025-07-07 19:00:00,2.8042533098154987,8343.596833333333,8343.596833333333,input
2025-07-07 20:00:00,2.7674505212194562,8299.924666666668,8299.924666666668,input
2025-07-07 21:00:00,2.6325538689757018,8139.849050000001,8139.84905,input
2025-07-07 22:00:00,2.5472516474981717,8038.62485,8038.62485,input
2025-07-07 23:00:00,2.1209683796714196,7532.774216666668,7532.774216666668,input
2025-07-08 00:00:00,1.7206000149664558,7057.6756,7057.6756,input
2025-07-08 01:00:00,1.4433537922029371,6728.680333333334,6728.680333333334,input
2025-07-08 02:00:00,1.2158494666998862,6458.711475,6458.711475,input
2025-07-08 03:00:00,1.0518979122373315,6264.157749999999,6264.157749999999,input
2025-07-08 04:00:00,0.9688868252716022,6165.6523333333325,6165.6523333333325,input
2025-07-08 05:00:00,1.0689050638173976,6284.339349999999,6284.339349999999,input
2025-07-08 06:00:00,1.2502449818783803,6499.527041666667,6499.527041666667,input
2025-07-08 07:00:00,1.798229596673049,7149.795033333333,7149.795033333333,input
2025-07-08 08:00:00,2.4857258156754147,7965.614991666666,7965.614991666666,input
2025-07-08 09:00:00,2.9114450675259187,8470.796333333334,8470.796333333334,input
2025-07-08 10:00:00,3.266078495759908,8891.623416666667,8891.623416666667,input
2025-07-08 11:00:00,3.3638384793655978,9007.630666666666,9007.630666666666,input
2025-07-08 12:00:00,3.317123223225565,8952.195833333333,8952.195833333333,input
2025-07-08 13:00:00,3.1186605273248036,8716.689333333334,8716.689333333334,input
2025-07-08 14:00:00,3.167423067005345,8774.553583333332,8774.553583333332,input
2025-07-08 15:00:00,3.3629285677669856,9006.550916666667,9006.550916666667,input
2025-07-08 16:00:00,2.030982732772827,7425.9921875,9001.97375,prediction
2025-07-08 17:00:00,2.029918670654297,7424.7294921875,8747.404958333333,prediction
2025-07-08 18:00:00,2.03008770942688,7424.93017578125,8463.348541666666,prediction
2025-07-08 19:00:00,2.034003496170044,7429.5771484375,8478.622916666667,prediction
2025-07-08 20:00:00,2.038693428039551,7435.14208984375,8469.256666666666,prediction
2025-07-08 21:00:00,2.044825315475464,7442.41845703125,8264.620708333334,prediction
2025-07-08 22:00:00,2.052213668823242,7451.18603515625,8196.689083333333,prediction
2025-07-08 23:00:00,2.0611369609832764,7461.77490234375,7648.002466666666,prediction
2025-07-09 00:00:00,2.0542993545532227,7453.6611328125,7127.942708333333,prediction
2025-07-09 01:00:00,2.061368703842163,7462.0498046875,6740.6521,prediction
2025-07-09 02:00:00,2.0672266483306885,7469.00146484375,6419.582116666667,prediction
2025-07-09 03:00:00,1.9375262260437012,7315.091796875,6186.095850000001,prediction
2025-07-09 04:00:00,2.079706907272339,7483.81103515625,6083.712725,prediction
2025-07-09 05:00:00,2.0836081504821777,7488.4404296875,6188.645233333334,prediction
2025-07-09 06:00:00,2.0846052169799805,7489.62353515625,6414.140200000001,prediction
2025-07-09 07:00:00,2.083706855773926,7488.5576171875,7162.568941666667,prediction
2025-07-09 08:00:00,2.085469961166382,7490.64990234375,7917.251025,prediction
2025-07-09 09:00:00,2.0872864723205566,7492.80517578125,8651.113916666667,prediction
2025-07-09 10:00:00,2.148131847381592,7565.0078125,8896.638541666667,prediction
2025-07-09 11:00:00,2.1986453533172607,7624.94970703125,9129.266583333332,prediction
2025-07-09 12:00:00,2.274353504180908,7714.7890625,8962.032083333334,prediction
2025-07-09 13:00:00,2.4131202697753906,7879.45703125,9043.54225,prediction
2025-07-09 14:00:00,2.3731822967529297,7832.06494140625,9042.150666666666,prediction
2025-07-09 15:00:00,2.611328125,8114.6611328125,9178.409708333334,prediction
2025-07-09 16:00:00,2.1160597801208496,7526.94921875,9109.404208333332,prediction
2025-07-09 17:00:00,2.1185877323150635,7529.94921875,8794.630083333333,prediction
2025-07-09 18:00:00,2.118910074234009,7530.33154296875,8406.733958333332,prediction
2025-07-09 19:00:00,2.1193814277648926,7530.89111328125,8391.295333333333,prediction
2025-07-09 20:00:00,2.119199752807617,7530.67529296875,8374.360333333334,prediction
2025-07-09 21:00:00,2.1159517765045166,7526.8212890625,8206.070033333333,prediction
2025-07-09 22:00:00,2.113267183303833,7523.63525390625,8125.148558333333,prediction
2025-07-09 23:00:00,2.110806703567505,7520.7158203125,7613.948091666666,prediction
2025-07-10 00:00:00,2.0980730056762695,7505.60546875,7086.66705,prediction
2025-07-10 01:00:00,2.092545986175537,7499.04638671875,6671.151108333333,prediction
2025-07-10 02:00:00,2.02286958694458,7416.36474609375,6354.348033333333,prediction
2025-07-10 03:00:00,1.9404618740081787,7318.5751953125,6128.037708333333,prediction
2025-07-10 04:00:00,2.069878101348877,7472.1474609375,6035.653516666666,prediction
2025-07-10 05:00:00,2.065420389175415,7466.85791015625,6125.413833333333,prediction
2025-07-10 06:00:00,2.0640156269073486,7465.19091796875,6380.2831750000005,prediction
2025-07-10 07:00:00,2.062633752822876,7463.55126953125,7109.429341666667,prediction
2025-07-10 08:00:00,2.0601024627685547,7460.54736328125,7939.345583333333,prediction
2025-07-10 09:00:00,2.053654909133911,7452.896484375,8471.973250000001,prediction
2025-07-10 10:00:00,2.048814535140991,7447.15234375,8762.908583333334,prediction
2025-07-10 11:00:00,2.0440878868103027,7441.54345703125,8876.37475,prediction
2025-07-10 12:00:00,2.0398213863372803,7436.48095703125,8809.023083333333,prediction
2025-07-10 13:00:00,2.0372323989868164,7433.40869140625,8752.139791666666,prediction
2025-07-10 14:00:00,2.0332188606262207,7428.64599609375,8677.733833333334,prediction
2025-07-10 15:00:00,2.0305263996124268,7425.45068359375,8895.612333333333,prediction
2025-07-10 16:00:00,1.7705458402633667,7116.94384765625,8858.547666666667,prediction
2025-07-10 17:00:00,1.9023326635360718,7273.3291015625,8552.012958333333,prediction
2025-07-10 18:00:00,1.8129042387008667,7167.20849609375,8213.575375,prediction
2025-07-10 19:00:00,1.911800742149353,7284.564453125,8200.133225,prediction
2025-07-10 20:00:00,1.931494951248169,7307.9345703125,8147.3063,prediction
2025-07-10 21:00:00,1.9195797443389893,7293.79541015625,7885.680799999999,prediction
2025-07-10 22:00:00,1.9014484882354736,7272.27978515625,7868.839816666667,prediction
2025-07-10 23:00:00,1.8925938606262207,7261.7724609375,7344.324658333334,prediction
2025-07-11 00:00:00,1.7506989240646362,7093.392578125,6843.455275,prediction
2025-07-11 01:00:00,1.8918970823287964,7260.94580078125,6456.5826333333325,prediction
2025-07-11 02:00:00,1.91514253616333,7288.5302734375,6080.974383333333,prediction
2025-07-11 03:00:00,1.6672717332839966,6994.3935546875,5891.897033333334,prediction
2025-07-11 04:00:00,1.9548228979110718,7335.6171875,5775.6129083333335,prediction
2025-07-11 05:00:00,1.970389485359192,7354.08935546875,5896.719275,prediction
2025-07-11 06:00:00,1.990146279335022,7377.53369140625,6116.3965333333335,prediction
2025-07-11 07:00:00,2.0119919776916504,7403.45703125,6777.825833333333,prediction
2025-07-11 08:00:00,2.0361487865448,7432.12255859375,7462.695733333334,prediction
2025-07-11 09:00:00,2.0564451217651367,7456.20751953125,7997.945216666667,prediction
2025-07-11 10:00:00,2.075805902481079,7479.18212890625,8197.212208333332,prediction
2025-07-11 11:00:00,2.0935311317443848,7500.2158203125,8262.136391666667,prediction
2025-07-11 12:00:00,2.1140458583831787,7524.5595703125,7995.604425,prediction
2025-07-11 13:00:00,2.1331639289855957,7547.24609375,7833.122741666666,prediction
2025-07-11 14:00:00,2.1464221477508545,7562.97900390625,7703.138258333333,prediction
2025-07-11 15:00:00,2.147287368774414,7564.005859375,8048.673491666667,prediction
2025-07-11 16:00:00,2.1492772102355957,7566.36669921875,8163.7369,prediction
2025-07-11 17:00:00,2.1504640579223633,7567.775390625,7952.031483333333,prediction
2025-07-11 18:00:00,2.156531810760498,7574.9755859375,7682.354225,prediction
2025-07-11 19:00:00,2.1617391109466553,7581.15478515625,7660.880633333333,prediction
2025-07-11 20:00:00,2.1635992527008057,7583.3623046875,7596.891858333333,prediction
2025-07-11 21:00:00,2.1630771160125732,7582.74267578125,7393.450608333333,prediction
2025-07-11 22:00:00,2.1737143993377686,7595.365234375,7432.218766666666,prediction
2025-07-11 23:00:00,2.1816298961639404,7604.75830078125,6964.300225,prediction
2025-07-12 00:00:00,2.1799731254577637,7602.79248046875,6532.5672,prediction
2025-07-12 01:00:00,2.189390182495117,7613.96728515625,6182.919583333333,prediction
2025-07-12 02:00:00,2.1897776126861572,7614.4267578125,5910.950541666666,prediction
2025-07-12 03:00:00,2.1892926692962646,7613.8515625,5690.446008333333,prediction
2025-07-12 04:00:00,2.1903178691864014,7615.06787109375,5567.1081,prediction
2025-07-12 05:00:00,2.1927573680877686,7617.962890625,5607.210233333334,prediction
2025-07-12 06:00:00,2.1958348751068115,7621.61474609375,5646.3984083333335,prediction
2025-07-12 07:00:00,2.1989476680755615,7625.30859375,5995.1839666666665,prediction
2025-07-12 08:00:00,2.2051610946655273,7632.681640625,6489.4284333333335,prediction
2025-07-12 09:00:00,2.2133424282073975,7642.39013671875,7005.432858333334,prediction
2025-07-12 10:00:00,2.2206196784973145,7651.02587890625,7373.987433333333,prediction
2025-07-12 11:00:00,2.2200889587402344,7650.39599609375,7544.301608333334,prediction
2025-07-12 12:00:00,2.216346025466919,7645.95458984375,7414.920833333334,prediction
2025-07-12 13:00:00,2.2065958976745605,7634.38427734375,7104.803391666667,prediction
2025-07-12 14:00:00,2.2034218311309814,7630.61767578125,6935.933383333333,prediction
2025-07-12 15:00:00,2.202446937561035,7629.4609375,7106.241733333333,prediction
2025-07-12 16:00:00,2.198380708694458,7624.6357421875,7250.425125000001,prediction
2025-07-12 17:00:00,2.197091579437256,7623.10595703125,7190.852583333333,prediction
2025-07-12 18:00:00,2.1929285526275635,7618.166015625,7040.752375,prediction
2025-07-12 19:00:00,2.169654607772827,7590.5478515625,7060.4761,prediction
2025-07-12 20:00:00,2.143869638442993,7559.9501953125,7005.877891666667,prediction
2025-07-12 21:00:00,2.202526569366455,7629.5556640625,6859.381108333334,prediction
2025-07-12 22:00:00,2.2136359214782715,7642.73828125,6840.222491666667,prediction
2025-07-12 23:00:00,2.214974880218506,7644.3271484375,6481.444391666667,prediction
2025-07-13 00:00:00,2.2073562145233154,7635.28662109375,6112.498158333333,prediction
2025-07-13 01:00:00,2.2092931270599365,7637.5849609375,5798.984799999999,prediction
2025-07-13 02:00:00,2.216127395629883,7645.69482421875,5547.770225,prediction
2025-07-13 03:00:00,2.2212793827056885,7651.80859375,5368.9635333333335,prediction
2025-07-13 04:00:00,2.221011161804199,7651.490234375,5293.2916,prediction
2025-07-13 05:00:00,2.225724220275879,7657.0830078125,5368.180766666666,prediction
2025-07-13 06:00:00,2.236237049102783,7669.55810546875,5381.529608333333,prediction
2025-07-13 07:00:00,2.2449052333831787,7679.84423828125,5716.880808333334,prediction
2025-07-13 08:00:00,2.2464873790740967,7681.7216796875,6257.907791666667,prediction
2025-07-13 09:00:00,2.2391273975372314,7672.98779296875,6557.105124999999,prediction
2025-07-13 10:00:00,2.2318122386932373,7664.3076171875,6978.185041666667,prediction
2025-07-13 11:00:00,2.102886915206909,7511.31787109375,7024.899375,prediction
2025-07-13 12:00:00,2.2132792472839355,7642.31494140625,7068.510200000001,prediction
2025-07-13 13:00:00,2.2057342529296875,7633.36181640625,7181.598075000001,prediction
2025-07-13 14:00:00,2.1467671394348145,7563.38818359375,7105.5824,prediction
2025-07-13 15:00:00,2.2013959884643555,7628.2138671875,7337.489116666667,prediction
2025-07-13 16:00:00,2.2006313800811768,7627.306640625,7466.534416666666,prediction
2025-07-13 17:00:00,2.1930696964263916,7618.33349609375,7427.836283333333,prediction
2025-07-13 18:00:00,2.190993309020996,7615.86962890625,7240.519358333334,prediction
2025-07-13 19:00:00,2.187425374984741,7611.6357421875,7306.150008333333,prediction
2025-07-13 20:00:00,2.1278367042541504,7540.92431640625,7344.221658333333,prediction
2025-07-13 21:00:00,2.1211037635803223,7532.9345703125,7247.913258333334,prediction
2025-07-13 22:00:00,2.18609881401062,7610.0615234375,7272.541775000001,prediction
2025-07-13 23:00:00,2.1857612133026123,7609.66064453125,6835.1439666666665,prediction
2025-07-14 00:00:00,2.1872594356536865,7611.4384765625,6371.644391666668,prediction
2025-07-14 01:00:00,2.190537214279175,7615.328125,6060.594399999999,prediction
2025-07-14 02:00:00,2.1364691257476807,7551.16796875,5776.137083333334,prediction
2025-07-14 03:00:00,2.1980130672454834,7624.19970703125,5599.1531,prediction
2025-07-14 04:00:00,2.144817352294922,7561.07470703125,5554.015675,prediction
2025-07-14 05:00:00,1.9750697612762451,7359.64306640625,5721.925816666667,prediction
2025-07-14 06:00:00,2.0091464519500732,7400.080078125,6025.485683333333,prediction
2025-07-14 07:00:00,1.639522671699524,6961.46484375,6810.313783333334,prediction
2025-07-14 08:00:00,2.1229209899902344,7535.09130859375,7608.186683333333,prediction
2025-07-14 09:00:00,2.1795108318328857,7602.24365234375,8245.459,prediction
2025-07-14 10:00:00,2.177015781402588,7599.283203125,8605.3415,prediction
2025-07-14 11:00:00,2.111584186553955,7521.63818359375,8757.659,prediction
2025-07-14 12:00:00,2.1636202335357666,7583.38720703125,8737.839166666667,prediction
2025-07-14 13:00:00,2.1537444591522217,7571.66796875,8642.453916666667,prediction
2025-07-14 14:00:00,2.089024066925049,7494.8671875,8650.270708333333,prediction
2025-07-14 15:00:00,2.149296522140503,7566.3896484375,8843.373208333333,prediction
2025-07-14 16:00:00,1.6052855253219604,6920.83740234375,8715.51975,prediction
2025-07-14 17:00:00,1.6032986640930176,6918.4794921875,8361.649666666666,prediction
2025-07-14 18:00:00,1.5883992910385132,6900.79931640625,7949.620591666667,prediction
2025-07-14 19:00:00,1.585158109664917,6896.953125,7843.596666666667,prediction
2025-07-14 20:00:00,1.5932503938674927,6906.5556640625,7739.700816666666,prediction
2025-07-14 21:00:00,1.6076236963272095,6923.61181640625,7538.989141666666,prediction
2025-07-14 22:00:00,1.6279054880142212,6947.67919921875,7494.195,prediction
2025-07-14 23:00:00,1.6529254913330078,6977.369140625,6982.803266666667,prediction
2025-07-15 00:00:00,1.6545674800872803,6979.31787109375,6512.565066666666,prediction
2025-07-15 01:00:00,1.6871957778930664,7018.0361328125,6157.126383333333,prediction
2025-07-15 02:00:00,1.7286287546157837,7067.20263671875,5871.462108333333,prediction
2025-07-15 03:00:00,1.766732931137085,7112.41943359375,5662.770724999999,prediction
2025-07-15 04:00:00,1.8185795545578003,7173.943359375,5558.834383333334,prediction
2025-07-15 05:00:00,1.8579976558685303,7220.71875,5701.924425,prediction
2025-07-15 06:00:00,1.8778245449066162,7244.24658203125,5963.123516666667,prediction
2025-07-15 07:00:00,1.9295274019241333,7305.60009765625,6672.730725,prediction
2025-07-15 08:00:00,1.9594097137451172,7341.06005859375,7430.435058333333,prediction
2025-07-15 09:00:00,1.8756990432739258,7241.72412109375,7969.9876,prediction
2025-07-15 10:00:00,1.9773133993148804,7362.30517578125,8134.950375,prediction
2025-07-15 11:00:00,1.8890619277954102,7257.58154296875,8302.180858333333,prediction
2025-07-15 12:00:00,1.955352544784546,7336.24560546875,8294.096333333333,prediction
2025-07-15 13:00:00,1.9671975374221802,7350.30126953125,8300.024583333334,prediction
2025-07-15 14:00:00,2.001723051071167,7391.27099609375,8454.902625,prediction
2025-07-15 15:00:00,1.9901577234268188,7377.54736328125,8758.592416666666,prediction
2025-07-15 16:00:00,2.115344524383545,7526.1005859375,8819.412,prediction
2025-07-15 17:00:00,2.1401686668395996,7555.55810546875,8553.529499999999,prediction
2025-07-15 18:00:00,2.151292324066162,7568.75830078125,8211.401575,prediction
2025-07-15 19:00:00,2.1766693592071533,7598.8720703125,8203.503916666667,prediction
2025-07-15 20:00:00,2.1960558891296387,7621.876953125,8085.864016666666,prediction
2025-07-15 21:00:00,2.205019474029541,7632.513671875,7921.3680416666675,prediction
2025-07-15 22:00:00,2.1553869247436523,7573.6171875,7957.231983333334,prediction
2025-07-15 23:00:00,2.2118327617645264,7640.5986328125,7463.744533333333,prediction
2025-07-16 00:00:00,2.2256221771240234,7656.9619140625,6990.338916666667,prediction
2025-07-16 01:00:00,2.2038426399230957,7631.1171875,6632.680458333333,prediction
2025-07-16 02:00:00,1.968679666519165,7352.06005859375,6308.800358333334,prediction
2025-07-16 03:00:00,2.129615545272827,7543.03515625,6082.482341666667,prediction
2025-07-16 04:00:00,2.229951858520508,7662.099609375,5974.192525,prediction
2025-07-16 05:00:00,2.231034755706787,7663.384765625,6082.230725,prediction
2025-07-16 06:00:00,2.221754789352417,7652.37255859375,6349.012875,prediction
2025-07-16 07:00:00,2.2257771492004395,7657.14599609375,7110.580641666667,prediction
2025-07-16 08:00:00,2.224498748779297,7655.62890625,7921.886233333334,prediction
2025-07-16 09:00:00,2.214536666870117,7643.80712890625,8796.451666666666,prediction
2025-07-16 10:00:00,2.212362289428711,7641.22705078125,9329.346083333334,prediction
2025-07-16 11:00:00,2.2127676010131836,7641.7080078125,9550.233666666669,prediction
2025-07-16 12:00:00,2.2164595127105713,7646.0888671875,9463.676333333333,prediction
2025-07-16 13:00:00,2.2258152961730957,7657.19091796875,9285.15225,prediction
2025-07-16 14:00:00,2.2247085571289062,7655.8779296875,9362.616333333332,prediction
2025-07-16 15:00:00,2.216623544692993,7646.28369140625,9481.237,prediction
2025-07-16 16:00:00,2.209458112716675,7637.78076171875,9505.687083333334,prediction
2025-07-16 17:00:00,2.2040889263153076,7631.40966796875,9259.450666666666,prediction
2025-07-16 18:00:00,2.1996562480926514,7626.1494140625,8909.058875,prediction
2025-07-16 19:00:00,2.2044990062713623,7631.89599609375,8910.977875,prediction
2025-07-16 20:00:00,2.2046680450439453,7632.0966796875,8841.493666666667,prediction
2025-07-16 21:00:00,2.193614959716797,7618.98046875,8613.97525,prediction
2025-07-16 22:00:00,2.1883792877197266,7612.767578125,8492.962541666666,prediction
2025-07-16 23:00:00,2.1770966053009033,7599.37890625,7966.813300000001,prediction
2025-07-17 00:00:00,2.1575582027435303,7576.193359375,7434.200366666667,prediction
2025-07-17 01:00:00,2.1577768325805664,7576.453125,7019.537874999999,prediction
2025-07-17 02:00:00,2.1533801555633545,7571.23583984375,6644.93015,prediction
2025-07-17 03:00:00,2.147078275680542,7563.75732421875,6418.272191666667,prediction
2025-07-17 04:00:00,2.143054723739624,7558.98291015625,6306.196424999999,prediction
2025-07-17 05:00:00,2.134366750717163,7548.67333984375,6387.417408333334,prediction
2025-07-17 06:00:00,2.123445987701416,7535.71435546875,6589.305916666667,prediction
2025-07-17 07:00:00,2.1138765811920166,7524.3583984375,7352.851075,prediction
2025-07-17 08:00:00,2.1090915203094482,7518.68017578125,8352.072658333333,prediction
2025-07-17 09:00:00,2.1121623516082764,7522.32421875,9154.894208333331,prediction
2025-07-17 10:00:00,2.1131231784820557,7523.46435546875,9576.415583333332,prediction
2025-07-17 11:00:00,2.105780601501465,7514.75146484375,9812.64825,prediction
2025-07-17 12:00:00,2.0932343006134033,7499.86328125,9801.7545,prediction
2025-07-17 13:00:00,2.0804247856140137,7484.6630859375,9773.991916666666,prediction
2025-07-17 14:00:00,2.074458599090576,7477.5830078125,9030.613541666668,prediction
2025-07-17 15:00:00,2.0698227882385254,7472.08203125,9027.266916666666,prediction
2025-07-17 16:00:00,2.0695438385009766,7471.7509765625,9383.82875,prediction
2025-07-17 17:00:00,2.0646891593933105,7465.990234375,9215.913666666667,prediction
2025-07-17 18:00:00,2.0580344200134277,7458.09326171875,8859.328583333334,prediction
2025-07-17 19:00:00,2.051628828048706,7450.4921875,8920.161291666665,prediction
2025-07-17 20:00:00,2.0134456157684326,7405.181640625,8798.321041666668,prediction
2025-07-17 21:00:00,1.9440068006515503,7322.7822265625,8530.158583333332,prediction
2025-07-17 22:00:00,2.043872594833374,7441.2880859375,8320.531116666667,prediction
2025-07-17 23:00:00,1.9178955554962158,7291.796875,7459.565683333333,prediction
2025-07-18 00:00:00,1.828499674797058,7185.71484375,7005.3002750000005,prediction
2025-07-18 01:00:00,1.8276036977767944,7184.65185546875,6668.6340666666665,prediction
2025-07-18 02:00:00,1.8727916479110718,7238.2744140625,6364.906633333333,prediction
2025-07-18 03:00:00,2.0858774185180664,7491.13330078125,6150.730875,prediction
2025-07-18 04:00:00,2.0973997116088867,7504.80615234375,6062.48785,prediction
2025-07-18 05:00:00,2.1137239933013916,7524.177734375,6144.685325,prediction
2025-07-18 06:00:00,2.1250417232513428,7537.60791015625,6372.202549999999,prediction
2025-07-18 07:00:00,2.136303424835205,7550.9716796875,7006.06855,prediction
2025-07-18 08:00:00,2.1451191902160645,7561.4326171875,7629.941575,prediction
2025-07-18 09:00:00,2.149339437484741,7566.44091796875,8258.269275,prediction
2025-07-18 10:00:00,2.1527256965637207,7570.458984375,8659.233916666666,prediction
2025-07-18 11:00:00,2.158751964569092,7577.6103515625,8733.855833333333,prediction
2025-07-18 12:00:00,2.1551403999328613,7573.32470703125,8740.02375,prediction
2025-07-18 13:00:00,2.154921770095825,7573.06494140625,8779.237625,prediction
2025-07-18 14:00:00,2.149535894393921,7566.673828125,8711.760916666666,prediction
2025-07-18 15:00:00,2.146519899368286,7563.0947265625,8824.060833333333,prediction
2025-07-18 16:00:00,1.6373902559280396,6958.9345703125,8673.997166666666,prediction
2025-07-18 17:00:00,1.6617438793182373,6987.83349609375,8307.886700000001,prediction
2025-07-18 18:00:00,1.6043452024459839,6919.72119140625,7933.861658333334,prediction
2025-07-18 19:00:00,1.5955544710159302,6909.2900390625,7869.094758333334,prediction
2025-07-18 20:00:00,1.5988508462905884,6913.20166015625,7744.73075,prediction
2025-07-18 21:00:00,1.6528135538101196,6977.236328125,7579.836258333333,prediction
2025-07-18 22:00:00,1.6159093379974365,6933.44384765625,7629.637041666666,prediction
2025-07-18 23:00:00,1.6320160627365112,6952.55712890625,7217.3246,prediction
2025-07-19 00:00:00,1.6276918649673462,6947.42578125,6792.4555666666665,prediction
2025-07-19 01:00:00,1.647297739982605,6970.69091796875,6443.0209,prediction
2025-07-19 02:00:00,1.6711094379425049,6998.947265625,6134.690083333334,prediction
2025-07-19 03:00:00,1.6889947652816772,7020.1708984375,5901.9631,prediction
2025-07-19 04:00:00,1.7076455354690552,7042.30322265625,5791.808550000001,prediction
2025-07-19 05:00:00,1.7294857501983643,7068.2197265625,5831.858833333333,prediction
2025-07-19 06:00:00,1.7525386810302734,7095.57568359375,5918.966125,prediction
2025-07-19 07:00:00,1.774448037147522,7121.57470703125,6354.705633333334,prediction
2025-07-19 08:00:00,1.798575520515442,7150.20556640625,7002.151075000001,prediction
2025-07-19 09:00:00,1.8223916292190552,7178.466796875,7677.7876,prediction
2025-07-19 10:00:00,1.8455456495285034,7205.94287109375,8113.845091666666,prediction
2025-07-19 11:00:00,1.876529574394226,7242.7099609375,8307.65325,prediction
2025-07-19 12:00:00,1.9233163595199585,7298.2294921875,8269.23325,prediction
2025-07-19 13:00:00,1.937800407409668,7315.4169921875,8113.85095,prediction
2025-07-19 14:00:00,1.9563568830490112,7337.4375,8102.380274999999,prediction
2025-07-19 15:00:00,1.9651309251785278,7347.84912109375,8298.063250000001,prediction
2025-07-19 16:00:00,1.977004885673523,7361.939453125,8309.239916666667,prediction
2025-07-19 17:00:00,1.9881250858306885,7375.13525390625,8106.919391666666,prediction
2025-07-19 18:00:00,1.9906641244888306,7378.14794921875,7799.969133333333,prediction
2025-07-19 19:00:00,1.9926315546035767,7380.48291015625,7829.590983333333,prediction
2025-07-19 20:00:00,2.0016298294067383,7391.16064453125,7845.982075,prediction
2025-07-19 21:00:00,2.0083253383636475,7399.10595703125,7736.280108333333,prediction
2025-07-19 22:00:00,2.0163848400115967,7408.66943359375,7787.227883333333,prediction
2025-07-19 23:00:00,2.027109146118164,7421.3955078125,7352.242808333333,prediction
2025-07-20 00:00:00,2.024817943572998,7418.6767578125,6890.02445,prediction
2025-07-20 01:00:00,2.0318918228149414,7427.0712890625,6500.07575,prediction
2025-07-20 02:00:00,2.0356709957122803,7431.5556640625,6158.9219,prediction
2025-07-20 03:00:00,2.040409803390503,7437.17919921875,5922.310833333333,prediction
2025-07-20 04:00:00,2.052734136581421,7451.8037109375,5804.951241666667,prediction
2025-07-20 05:00:00,2.0695416927337646,7471.74853515625,5845.541575,prediction
2025-07-20 06:00:00,2.0877389907836914,7493.34228515625,5942.995483333333,prediction
2025-07-20 07:00:00,2.0987541675567627,7506.41357421875,6293.84675,prediction
2025-07-20 08:00:00,2.1135013103485107,7523.9130859375,6781.67685,prediction
2025-07-20 09:00:00,2.1263551712036133,7539.16650390625,7359.985583333334,prediction
2025-07-20 10:00:00,2.136547803878784,7551.26171875,7763.574633333334,prediction
2025-07-20 11:00:00,2.145571231842041,7561.96923828125,7978.662308333333,prediction
2025-07-20 12:00:00,2.0890865325927734,7494.94140625,8026.543266666667,prediction
2025-07-20 13:00:00,2.065060615539551,7466.43115234375,7977.931666666666,prediction
2025-07-20 14:00:00,1.9953211545944214,7383.67431640625,7890.781833333333,prediction
2025-07-20 15:00:00,2.0613253116607666,7461.99853515625,8083.729325,prediction
2025-07-20 16:00:00,2.1514809131622314,7568.98193359375,8111.011983333334,prediction
2025-07-20 17:00:00,2.153090238571167,7570.8916015625,7980.271275,prediction
2025-07-20 18:00:00,2.1516551971435547,7569.18896484375,7753.980375,prediction
2025-07-20 19:00:00,2.148326873779297,7565.2392578125,7835.995083333334,prediction
2025-07-20 20:00:00,2.149643659591675,7566.8017578125,7898.9497,prediction
2025-07-20 21:00:00,2.1531143188476562,7570.92041015625,7810.591816666667,prediction
2025-07-20 22:00:00,2.1545372009277344,7572.60888671875,7835.15745,prediction
2025-07-20 23:00:00,2.1576082706451416,7576.2529296875,7359.828891666667,prediction
2025-07-21 00:00:00,2.1094114780426025,7519.06005859375,6856.602758333333,prediction
2025-07-21 01:00:00,2.1585710048675537,7577.3955078125,6502.4646416666665,prediction
2025-07-21 02:00:00,2.087766408920288,7493.375,6162.785775,prediction
2025-07-21 03:00:00,1.9958446025848389,7384.29541015625,5955.174383333334,prediction
2025-07-21 04:00:00,2.1676976680755615,7588.2255859375,5870.190008333334,prediction
2025-07-21 05:00:00,2.1753275394439697,7597.27978515625,6005.385058333333,prediction
2025-07-21 06:00:00,2.177466630935669,7599.81787109375,6314.09105,prediction
2025-07-21 07:00:00,2.182830572128296,7606.18310546875,7186.512466666667,prediction
2025-07-21 08:00:00,2.1830925941467285,7606.494140625,8021.252833333333,prediction
2025-07-21 09:00:00,2.175734281539917,7597.76220703125,8737.732958333334,prediction
2025-07-21 10:00:00,2.1705739498138428,7591.638671875,9032.219166666668,prediction
2025-07-21 11:00:00,2.1700973510742188,7591.0732421875,9065.388083333331,prediction
2025-07-21 12:00:00,2.1654226779937744,7585.52587890625,8833.787916666666,prediction
2025-07-21 13:00:00,1.9378926753997803,7315.52685546875,8904.769,prediction
2025-07-21 14:00:00,2.0050549507141113,7395.22509765625,8887.255958333333,prediction
2025-07-21 15:00:00,1.7815065383911133,7129.95068359375,9052.693083333334,prediction
2025-07-21 16:00:00,2.1625359058380127,7582.1005859375,8965.0385,prediction
2025-07-21 17:00:00,2.1099510192871094,7519.7001953125,8654.597749999999,prediction
2025-07-21 18:00:00,2.0940887928009033,7500.87744140625,8341.157666666666,prediction
2025-07-21 19:00:00,2.1008880138397217,7508.94580078125,8335.801249999999,prediction
2025-07-21 20:00:00,2.1193275451660156,7530.8271484375,8288.08625,prediction
2025-07-21 21:00:00,2.1293065547943115,7542.66845703125,8087.587866666666,prediction
2025-07-21 22:00:00,2.101302146911621,7509.43701171875,8050.085408333333,prediction
2025-07-21 23:00:00,2.126361846923828,7539.17431640625,7545.801575,prediction
2025-07-22 00:00:00,2.1429049968719482,7558.80517578125,7046.767233333333,prediction
2025-07-22 01:00:00,2.141587972640991,7557.24267578125,6631.678650000001,prediction
2025-07-22 02:00:00,2.0358474254608154,7431.76513671875,6266.967874999999,prediction
2025-07-22 03:00:00,2.1373021602630615,7552.15673828125,6039.013075,prediction
2025-07-22 04:00:00,2.0352299213409424,7431.0322265625,5958.691708333333,prediction
2025-07-22 05:00:00,2.1838274002075195,7607.3662109375,6055.097966666667,prediction
2025-07-22 06:00:00,2.2167575359344482,7646.44287109375,6278.258991666667,prediction
2025-07-22 07:00:00,2.2176313400268555,7647.4794921875,7025.940866666667,prediction
2025-07-22 08:00:00,2.220984697341919,7651.458984375,7955.919883333333,prediction
2025-07-22 09:00:00,2.2215754985809326,7652.16015625,8548.744625000001,prediction
2025-07-22 10:00:00,2.221623182296753,7652.21630859375,8892.991166666667,prediction
2025-07-22 11:00:00,2.2250096797943115,7656.2353515625,8953.475541666667,prediction
2025-07-22 12:00:00,2.230145215988159,7662.3291015625,8884.340791666667,prediction
2025-07-22 13:00:00,2.2290639877319336,7661.04638671875,8770.333166666667,prediction
2025-07-22 14:00:00,2.2308926582336426,7663.21630859375,8734.59375,prediction
2025-07-22 15:00:00,2.2340729236602783,7666.990234375,8971.302291666667,prediction
2025-07-22 16:00:00,1.284799337387085,6540.53125,8890.188333333334,prediction
2025-07-22 17:00:00,1.3458796739578247,6613.01220703125,8621.475083333333,prediction
2025-07-22 18:00:00,1.3073511123657227,6567.2919921875,8246.193375,prediction
2025-07-22 19:00:00,1.355689287185669,6624.65283203125,8189.051016666667,prediction
2025-07-22 20:00:00,1.3269392251968384,6590.53662109375,8103.201683333333,prediction
2025-07-22 21:00:00,1.2888460159301758,6545.3330078125,7913.914466666666,prediction
2025-07-22 22:00:00,1.3152085542678833,6576.6162109375,7887.187641666666,prediction
2025-07-22 23:00:00,1.3464381694793701,6613.6748046875,7415.519749999999,prediction
2025-07-23 00:00:00,1.35893714427948,6628.5068359375,6939.671133333333,prediction
2025-07-23 01:00:00,1.3921582698822021,6667.9287109375,6542.463083333333,prediction
2025-07-23 02:00:00,1.3699012994766235,6641.517578125,6214.5438,prediction
2025-07-23 03:00:00,1.4511866569519043,6737.97509765625,6002.391049999999,prediction
2025-07-23 04:00:00,1.480499267578125,6772.75927734375,5906.425866666667,prediction
2025-07-23 05:00:00,1.507135272026062,6804.36669921875,6032.369691666667,prediction
2025-07-23 06:00:00,1.5072985887527466,6804.560546875,6324.9338333333335,prediction
2025-07-23 07:00:00,1.5511093139648438,6856.548828125,7114.927383333333,prediction
2025-07-23 08:00:00,1.574571967124939,6884.390625,7929.44035,prediction
2025-07-23 09:00:00,1.6029934883117676,6918.1171875,8660.635583333333,prediction
2025-07-23 10:00:00,1.6300029754638672,6950.16845703125,9000.604916666667,prediction
2025-07-23 11:00:00,1.5610796213150024,6868.3798828125,9013.911,prediction
2025-07-23 12:00:00,1.5412710905075073,6844.8740234375,8947.116,prediction
2025-07-23 13:00:00,1.574871301651001,6884.74609375,8843.383083333332,prediction
2025-07-23 14:00:00,1.5586419105529785,6865.4873046875,8893.828166666666,prediction
2025-07-23 15:00:00,1.3382723331451416,6603.98486328125,9014.790166666668,prediction
2025-07-23 16:00:00,1.717504620552063,7054.00244140625,9023.129833333334,prediction
2025-07-23 17:00:00,1.731050968170166,7070.0771484375,8721.998,prediction
2025-07-23 18:00:00,1.73963463306427,7080.26318359375,8327.3495,prediction
2025-07-23 19:00:00,1.7567905187606812,7100.62109375,8339.2315,prediction
2025-07-23 20:00:00,1.7697975635528564,7116.05615234375,8303.303166666667,prediction
2025-07-23 21:00:00,1.7842236757278442,7133.1748046875,8101.746958333333,prediction
2025-07-23 22:00:00,1.7986875772476196,7150.33837890625,8077.450024999999,prediction
2025-07-23 23:00:00,1.8019981384277344,7154.26708984375,7575.08395,prediction
2025-07-24 00:00:00,1.7896145582199097,7139.57177734375,7078.8373,prediction
2025-07-24 01:00:00,1.6746001243591309,7003.08984375,6667.149933333333,prediction
2025-07-24 02:00:00,1.6605310440063477,6986.39453125,6301.337275000001,prediction
2025-07-24 03:00:00,1.7220418453216553,7059.38671875,6069.230491666666,prediction
2025-07-24 04:00:00,1.7999958992004395,7151.89111328125,5958.073283333334,prediction
2025-07-24 05:00:00,1.802968978881836,7155.4189453125,6075.159858333333,prediction
2025-07-24 06:00:00,1.8031357526779175,7155.61669921875,6333.916025,prediction
2025-07-24 07:00:00,1.8068387508392334,7160.01123046875,7124.257483333334,prediction
2025-07-24 08:00:00,1.8075867891311646,7160.89892578125,8039.026866666667,prediction
2025-07-24 09:00:00,1.8009649515151978,7153.041015625,8636.024583333334,prediction
2025-07-24 10:00:00,1.7976781129837036,7149.140625,8904.010583333335,prediction
2025-07-24 11:00:00,1.806490182876587,7159.59716796875,8984.530791666666,prediction
2025-07-24 12:00:00,1.8258305788040161,7182.5478515625,8806.005166666668,prediction
2025-07-24 13:00:00,1.8413407802581787,7200.953125,8810.532041666667,prediction
2025-07-24 14:00:00,1.8445215225219727,7204.7275390625,8847.010833333334,prediction
2025-07-24 15:00:00,1.8498362302780151,7211.0341796875,8952.583333333334,prediction
2025-07-24 16:00:00,1.8551992177963257,7217.39794921875,8894.836666666668,prediction
2025-07-24 17:00:00,1.856836199760437,7219.3408203125,8641.164625,prediction
2025-07-24 18:00:00,1.8554248809814453,7217.666015625,8284.367591666667,prediction
2025-07-24 19:00:00,1.8587373495101929,7221.5966796875,8302.45725,prediction
2025-07-24 20:00:00,1.861954689025879,7225.41455078125,8233.517375,prediction
2025-07-24 21:00:00,1.8608514070510864,7224.10546875,8022.319283333333,prediction
2025-07-24 22:00:00,1.8662477731704712,7230.5087890625,8016.018091666666,prediction
2025-07-24 23:00:00,1.8625683784484863,7226.142578125,7525.260358333333,prediction
2025-07-25 00:00:00,1.847529649734497,7208.296875,7011.618483333333,prediction
2025-07-25 01:00:00,1.8416835069656372,7201.35986328125,6620.511750000001,prediction
2025-07-25 02:00:00,1.8382552862167358,7197.29150390625,6291.603674999999,prediction
2025-07-25 03:00:00,1.8364012241363525,7195.09130859375,6062.701408333333,prediction
2025-07-25 04:00:00,1.8403898477554321,7199.82470703125,5961.309725,prediction
2025-07-25 05:00:00,1.8317952156066895,7189.62548828125,6082.757566666667,prediction
2025-07-25 06:00:00,1.8187252283096313,7174.1162109375,6322.4215,prediction
2025-07-25 07:00:00,1.8161591291427612,7171.0712890625,7072.434791666667,prediction
2025-07-25 08:00:00,1.8215246200561523,7177.43798828125,7822.746333333333,prediction
2025-07-25 09:00:00,1.8286157846450806,7185.85302734375,8407.334166666666,prediction
2025-07-25 10:00:00,1.8346036672592163,7192.95849609375,8739.072583333333,prediction
2025-07-25 11:00:00,1.841265320777893,7200.86328125,8866.416458333333,prediction
2025-07-25 12:00:00,1.8534036874771118,7215.267578125,8793.13225,prediction
2025-07-25 13:00:00,1.8635679483413696,7227.3291015625,8637.813666666667,prediction
2025-07-25 14:00:00,1.8721821308135986,7237.55078125,8549.317416666667,prediction
2025-07-25 15:00:00,1.8770878314971924,7243.37255859375,8756.673916666667,prediction
2025-07-25 16:00:00,1.8875619173049927,7255.80126953125,8752.180208333333,prediction
2025-07-25 17:00:00,1.892646312713623,7261.8349609375,8475.837791666667,prediction
2025-07-25 18:00:00,1.8955541849136353,7265.28564453125,8109.92155,prediction
2025-07-25 19:00:00,1.8968305587768555,7266.80029296875,8159.886883333333,prediction
2025-07-25 20:00:00,1.8918856382369995,7260.93212890625,8060.237675,prediction
2025-07-25 21:00:00,1.8916267156600952,7260.625,7843.378125,prediction
2025-07-25 22:00:00,1.8942840099334717,7263.7783203125,7815.787933333333,prediction
2025-07-25 23:00:00,1.8983702659606934,7268.62744140625,7370.790858333334,prediction
2025-07-26 00:00:00,1.8886785507202148,7257.12646484375,6917.130275,prediction
2025-07-26 01:00:00,1.8901605606079102,7258.88525390625,6545.589766666667,prediction
2025-07-26 02:00:00,1.8902033567428589,7258.93603515625,6220.695933333333,prediction
2025-07-26 03:00:00,1.8925111293792725,7261.67431640625,5960.526141666666,prediction
2025-07-26 04:00:00,1.8999342918395996,7270.4833984375,5842.791941666666,prediction
2025-07-26 05:00:00,1.912153959274292,7284.98388671875,5880.123200000001,prediction
2025-07-26 06:00:00,1.9222770929336548,7296.99658203125,5960.273125,prediction
2025-07-26 07:00:00,1.9316502809524536,7308.119140625,6349.672883333334,prediction
2025-07-26 08:00:00,1.9356406927108765,7312.8544921875,6805.814175,prediction
2025-07-26 09:00:00,1.9352331161499023,7312.37060546875,7356.586775,prediction
2025-07-26 10:00:00,1.9339830875396729,7310.88720703125,7626.257708333333,prediction
2025-07-26 11:00:00,1.935071587562561,7312.17919921875,7778.566291666666,prediction
2025-07-26 12:00:00,1.9379258155822754,7315.56591796875,7763.285083333333,prediction
2025-07-26 13:00:00,1.9367619752883911,7314.18505859375,7672.015883333333,prediction
2025-07-26 14:00:00,1.9331835508346558,7309.9384765625,7665.152583333333,prediction
2025-07-26 15:00:00,1.9276859760284424,7303.4150390625,7768.854308333332,prediction
2025-07-26 16:00:00,1.4442774057388306,6729.7763671875,7802.703116666667,prediction
2025-07-26 17:00:00,1.6011654138565063,6915.9482421875,7706.325033333333,prediction
2025-07-26 18:00:00,1.4784836769104004,6770.3671875,7480.111041666667,prediction
2025-07-26 19:00:00,1.470942735671997,6761.4189453125,7538.230883333334,prediction
2025-07-26 20:00:00,1.5918892621994019,6904.9404296875,7488.008774999999,prediction
2025-07-26 21:00:00,1.7721736431121826,7118.87548828125,7329.969575,prediction
2025-07-26 22:00:00,1.6332275867462158,6953.99462890625,7359.0311,prediction
2025-07-26 23:00:00,1.6420005559921265,6964.4052734375,6951.1529083333335,prediction
2025-07-27 00:00:00,1.6291468143463135,6949.15234375,6571.855366666667,prediction
2025-07-27 01:00:00,1.6267801523208618,6946.34375,6252.13935,prediction
2025-07-27 02:00:00,1.6269947290420532,6946.5986328125,5979.392166666667,prediction
2025-07-27 03:00:00,1.6379982233047485,6959.65576171875,5766.445516666667,prediction
2025-07-27 04:00:00,1.6425001621246338,6964.998046875,5669.366558333334,prediction
2025-07-27 05:00:00,1.6464287042617798,6969.65966796875,5755.206633333334,prediction
2025-07-27 06:00:00,1.643478274345398,6966.15869140625,5784.655583333333,prediction
2025-07-27 07:00:00,1.6517460346221924,6975.9697265625,6190.025691666667,prediction
2025-07-27 08:00:00,1.6696336269378662,6997.1962890625,6664.971575,prediction
2025-07-27 09:00:00,1.6854325532913208,7015.94384765625,7003.412691666667,prediction
2025-07-27 10:00:00,1.663316249847412,6989.69970703125,7485.3124,prediction
2025-07-27 11:00:00,1.4537564516067505,6741.0244140625,7475.498025000001,prediction
2025-07-27 12:00:00,1.633620023727417,6954.46044921875,7489.128025000001,prediction
2025-07-27 13:00:00,1.5238475799560547,6824.19873046875,7517.117575,prediction
2025-07-27 14:00:00,1.741334080696106,7082.27978515625,7331.185416666667,prediction
2025-07-27 15:00:00,1.3410135507583618,6607.23779296875,7425.306666666666,prediction
2025-07-27 16:00:00,1.761684775352478,7106.4287109375,7456.584008333334,prediction
2025-07-27 17:00:00,1.7676935195922852,7113.55908203125,7443.077958333332,prediction
2025-07-27 18:00:00,1.7745698690414429,7121.71923828125,7287.244208333333,prediction
2025-07-27 19:00:00,1.782537817955017,7131.17431640625,7387.019975,prediction
2025-07-27 20:00:00,1.7906197309494019,7140.7646484375,7419.603833333334,prediction
2025-07-27 21:00:00,1.8027898073196411,7155.20654296875,7283.321041666666,prediction
2025-07-27 22:00:00,1.809471607208252,7163.13525390625,7324.345125,prediction
2025-07-27 23:00:00,1.796502709388733,7147.74560546875,6855.746958333333,prediction
2025-07-28 00:00:00,1.8177212476730347,7172.9248046875,6399.115516666668,prediction
2025-07-28 01:00:00,1.801849126815796,7154.08984375,6063.629366666667,prediction
2025-07-28 02:00:00,1.7179064750671387,7054.4794921875,5792.644066666667,prediction
2025-07-28 03:00:00,1.7926620244979858,7143.18798828125,5608.7425,prediction
2025-07-28 04:00:00,1.8248825073242188,7181.4228515625,5590.596858333333,prediction
2025-07-28 05:00:00,1.8208662271499634,7176.65673828125,5753.206833333334,prediction
2025-07-28 06:00:00,1.8156553506851196,7170.47314453125,6112.5153083333325,prediction
2025-07-28 07:00:00,1.8111300468444824,7165.103515625,6867.888116666666,prediction
2025-07-28 08:00:00,1.8100440502166748,7163.814453125,7688.740908333333,prediction
2025-07-28 09:00:00,1.8052905797958374,7158.173828125,8260.95575,prediction
2025-07-28 10:00:00,1.8042999505996704,7156.99853515625,8596.38475,prediction
2025-07-28 11:00:00,1.8071805238723755,7160.41650390625,8745.670833333334,prediction
2025-07-28 12:00:00,1.811110019683838,7165.07958984375,8563.693166666666,prediction
2025-07-28 13:00:00,1.816064476966858,7170.958984375,8504.859,prediction
2025-07-28 14:00:00,1.8206759691238403,7176.43115234375,8406.933166666668,prediction
2025-07-28 15:00:00,1.8269535303115845,7183.88037109375,8531.665708333332,prediction
2025-07-28 16:00:00,1.832821249961853,7190.84326171875,8542.914458333335,prediction
2025-07-28 17:00:00,1.8390666246414185,7198.25439453125,8298.27745,prediction
2025-07-28 18:00:00,1.8379759788513184,7196.9599609375,7977.518516666667,prediction
2025-07-28 19:00:00,1.8352876901626587,7193.77001953125,7976.927566666666,prediction
2025-07-28 20:00:00,1.8311444520950317,7188.853515625,7883.712691666667,prediction
2025-07-28 21:00:00,1.8297640085220337,7187.21533203125,7630.800466666667,prediction
2025-07-28 22:00:00,1.8327983617782593,7190.81591796875,7593.113066666668,prediction
2025-07-28 23:00:00,1.8341257572174072,7192.39111328125,7093.177191666667,prediction
2025-07-29 00:00:00,1.8266328573226929,7183.5,6616.79675,prediction
2025-07-29 01:00:00,1.832567811012268,7190.54248046875,6218.355975,prediction
2025-07-29 02:00:00,1.8336265087127686,7191.798828125,5915.381583333333,prediction
2025-07-29 03:00:00,1.8403491973876953,7199.7763671875,5720.926775,prediction
2025-07-29 04:00:00,1.8475043773651123,7208.26708984375,5644.347916666667,prediction
2025-07-29 05:00:00,1.848759651184082,7209.7568359375,5801.991016666667,prediction
2025-07-29 06:00:00,1.8492575883865356,7210.34765625,6076.993750000001,prediction
2025-07-29 07:00:00,1.8508219718933105,7212.2041015625,6712.576841666666,prediction
2025-07-29 08:00:00,1.8487794399261475,7209.7802734375,7449.046883333333,prediction
2025-07-29 09:00:00,1.8466700315475464,7207.27685546875,8085.945008333333,prediction
2025-07-29 10:00:00,1.8437706232070923,7203.83642578125,8305.921291666667,prediction
2025-07-29 11:00:00,1.8465385437011719,7207.12109375,8432.257666666666,prediction
2025-07-29 12:00:00,1.8472042083740234,7207.91064453125,8192.686425,prediction
2025-07-29 13:00:00,1.8499305248260498,7211.14599609375,8062.475433333333,prediction
2025-07-29 14:00:00,1.859615445137024,7222.638671875,8101.309433333333,prediction
2025-07-29 15:00:00,1.8627208471298218,7226.32373046875,8242.601,prediction
2025-07-29 16:00:00,1.859904170036316,7222.9814453125,8160.764216666666,prediction
2025-07-29 17:00:00,1.8616527318954468,7225.05615234375,7949.64795,prediction
2025-07-29 18:00:00,1.8587440252304077,7221.6044921875,7761.254366666667,prediction
2025-07-29 19:00:00,1.8566991090774536,7219.17822265625,7812.884741666666,prediction
2025-07-29 20:00:00,1.8544310331344604,7216.48681640625,7701.077775000001,prediction
2025-07-29 21:00:00,1.8541343212127686,7216.13427734375,7460.758233333334,prediction
2025-07-29 22:00:00,1.8517557382583618,7213.31201171875,7380.907833333334,prediction
2025-07-29 23:00:00,1.8488378524780273,7209.849609375,6937.477608333334,prediction
2025-07-30 00:00:00,1.841412901878357,7201.03857421875,6514.4147,prediction
2025-07-30 01:00:00,1.8415992259979248,7201.259765625,6168.120583333333,prediction
2025-07-30 02:00:00,1.8441866636276245,7204.330078125,5874.343975,prediction
2025-07-30 03:00:00,1.8536630868911743,7215.5751953125,5693.669466666666,prediction
2025-07-30 04:00:00,1.8603224754333496,7223.4775390625,5639.859941666667,prediction
2025-07-30 05:00:00,1.863943099975586,7227.77392578125,5737.1515,prediction
2025-07-30 06:00:00,1.859969973564148,7223.0595703125,5974.28445,prediction
2025-07-30 07:00:00,1.8547600507736206,7216.876953125,6562.522366666667,prediction
2025-07-30 08:00:00,1.8475037813186646,7208.26611328125,7185.680691666667,prediction
2025-07-30 09:00:00,1.8369200229644775,7195.70703125,7614.942116666666,prediction
2025-07-30 10:00:00,1.827925443649292,7185.03369140625,7860.0897,prediction
2025-07-30 11:00:00,1.828720211982727,7185.9765625,7750.245991666667,prediction
2025-07-30 12:00:00,1.8300729990005493,7187.58203125,7588.302883333334,prediction
2025-07-30 13:00:00,1.8299829959869385,7187.47509765625,7482.006583333333,prediction
2025-07-30 14:00:00,1.82529616355896,7181.91357421875,7439.375975,prediction
2025-07-30 15:00:00,1.8224507570266724,7178.537109375,7510.599416666667,prediction
2025-07-30 16:00:00,1.1897789239883423,6427.77490234375,7560.685158333334,prediction
2025-07-30 17:00:00,1.094233512878418,6314.3955078125,7417.328491666667,prediction
2025-07-30 18:00:00,1.1356213092803955,6363.50830078125,7207.559191666667,prediction
2025-07-30 19:00:00,1.1237045526504517,6349.3671875,7220.569941666668,prediction
2025-07-30 20:00:00,1.028229832649231,6236.07177734375,7019.998733333334,prediction
2025-07-30 21:00:00,1.1759483814239502,6411.36279296875,6742.801891666666,prediction
2025-07-30 22:00:00,1.0285440683364868,6236.44482421875,6625.43525,prediction
2025-07-30 23:00:00,1.0725826025009155,6288.703125,6177.259133333333,prediction
2025-07-31 00:00:00,1.057673692703247,6271.01171875,5796.940908333333,prediction
2025-07-31 01:00:00,1.0906232595443726,6310.111328125,5496.34855,prediction
2025-07-31 02:00:00,1.1164742708206177,6340.78759765625,5269.964591666667,prediction
2025-07-31 03:00:00,1.1578435897827148,6389.87841796875,5132.5101583333335,prediction
2025-07-31 04:00:00,1.1887024641036987,6426.49755859375,5103.565408333333,prediction
2025-07-31 05:00:00,1.1965340375900269,6435.79052734375,5253.962308333333,prediction
2025-07-31 06:00:00,1.1603760719299316,6392.8837890625,5496.086558333333,prediction
2025-07-31 07:00:00,1.14183509349823,6370.8818359375,6132.467808333334,prediction
2025-07-31 08:00:00,1.1576982736587524,6389.7060546875,6876.531625,prediction
2025-07-31 09:00:00,1.1791263818740845,6415.1337890625,7555.63135,prediction
2025-07-31 10:00:00,1.1815048456192017,6417.9560546875,7898.051641666666,prediction
2025-07-31 11:00:00,1.2206796407699585,6464.443359375,8098.098433333334,prediction
2025-07-31 12:00:00,1.2829729318618774,6538.36376953125,8054.152566666667,prediction
2025-07-31 13:00:00,1.3288137912750244,6592.7607421875,8251.655016666666,prediction
2025-07-31 14:00:00,1.3181971311569214,6580.16259765625,8236.404125,prediction
2025-07-31 15:00:00,1.3064833879470825,6566.2626953125,8396.866083333332,prediction
2025-07-31 16:00:00,1.313145637512207,6574.16845703125,8376.284375000001,prediction
2025-07-31 17:00:00,1.3097705841064453,6570.1630859375,8292.69475,prediction
2025-07-31 18:00:00,1.3206130266189575,6583.029296875,8005.285875,prediction
2025-07-31 19:00:00,1.3312203884124756,6595.61669921875,8008.79525,prediction
2025-07-31 20:00:00,1.3405368328094482,6606.67236328125,7900.230491666666,prediction
2025-07-31 21:00:00,1.3600077629089355,6629.77734375,7686.487558333333,prediction
2025-07-31 22:00:00,1.3685026168823242,6639.85791015625,7688.985566666666,prediction
2025-07-31 23:00:00,1.3718148469924927,6643.78857421875,7188.079258333334,prediction
2025-08-01 00:00:00,1.4009796380996704,6678.39697265625,6714.1295666666665,prediction
2025-08-01 01:00:00,1.4524226188659668,6739.44189453125,6337.355275000001,prediction
2025-08-01 02:00:00,1.4587228298187256,6746.91796875,6031.022099999999,prediction
2025-08-01 03:00:00,1.4591710567474365,6747.44970703125,5797.8579,prediction
2025-08-01 04:00:00,1.4414271116256714,6726.39404296875,5706.1788166666665,prediction
2025-08-01 05:00:00,1.4109381437301636,6690.21435546875,5833.5635250000005,prediction
2025-08-01 06:00:00,1.3792093992233276,6652.56298828125,6138.157191666666,prediction
2025-08-01 07:00:00,1.3570530414581299,6626.27099609375,6953.716083333333,prediction
2025-08-01 08:00:00,1.3749324083328247,6647.48779296875,7827.057475,prediction
2025-08-01 09:00:00,1.3942573070526123,6670.419921875,8491.002583333333,prediction
2025-08-01 10:00:00,1.4199284315109253,6700.88232421875,8841.598791666667,prediction
2025-08-01 11:00:00,1.4644392728805542,6753.70166015625,8928.879666666666,prediction
2025-08-01 12:00:00,1.5191824436187744,6818.66259765625,8922.65725,prediction
2025-08-01 13:00:00,1.5540099143981934,6859.99072265625,8824.586416666667,prediction
2025-08-01 14:00:00,1.5489908456802368,6854.03466796875,8872.500916666666,prediction
2025-08-01 15:00:00,1.5502687692642212,6855.55126953125,9098.011791666666,prediction
2025-08-01 16:00:00,1.5564866065979004,6862.9296875,9087.8345,prediction
2025-08-01 17:00:00,1.561031460762024,6868.32275390625,8700.96875,prediction
2025-08-01 18:00:00,1.55869722366333,6865.55322265625,8257.230491666667,prediction
2025-08-01 19:00:00,1.5647920370101929,6872.78564453125,8222.880933333334,prediction
2025-08-01 20:00:00,1.569792628288269,6878.71923828125,8073.983858333333,prediction
2025-08-01 21:00:00,1.5834035873413086,6894.87109375,7887.495733333333,prediction
2025-08-01 22:00:00,1.6083967685699463,6924.529296875,7891.248016666667,prediction
2025-08-01 23:00:00,1.495806336402893,6790.92333984375,7446.2237,prediction
2025-08-02 00:00:00,1.6188534498214722,6936.9375,6993.543541666666,prediction
2025-08-02 01:00:00,1.5246714353561401,6825.17626953125,6635.207091666667,prediction
2025-08-02 02:00:00,1.6618555784225464,6987.96630859375,6324.136391666667,prediction
2025-08-02 03:00:00,1.679176688194275,7008.5205078125,6090.069,prediction
2025-08-02 04:00:00,1.7173998355865479,7053.8779296875,5953.353566666666,prediction
2025-08-02 05:00:00,1.7384673357009888,7078.8779296875,6004.714616666667,prediction
2025-08-02 06:00:00,1.746675968170166,7088.61865234375,6114.119141666666,prediction
2025-08-02 07:00:00,1.7588881254196167,7103.1103515625,6585.532766666667,prediction
2025-08-02 08:00:00,1.768576979637146,7114.607421875,7078.809475000001,prediction
2025-08-02 09:00:00,1.772749900817871,7119.5595703125,7617.988741666667,prediction
2025-08-02 10:00:00,1.7646191120147705,7109.9111328125,7941.033275000001,prediction
2025-08-02 11:00:00,1.785812497138977,7135.06005859375,8037.805933333333,prediction
2025-08-02 12:00:00,1.8057163953781128,7158.67919921875,8074.33195,prediction
2025-08-02 13:00:00,1.8139175176620483,7168.4111328125,8173.625933333334,prediction
2025-08-02 14:00:00,1.8266392946243286,7183.50732421875,8116.290191666667,prediction
2025-08-02 15:00:00,1.8471786975860596,7207.88037109375,8270.828633333333,prediction
2025-08-02 16:00:00,1.854948878288269,7217.10107421875,8226.698733333333,prediction
2025-08-02 17:00:00,1.8639463186264038,7227.77783203125,7921.381658333333,prediction
2025-08-02 18:00:00,1.8627122640609741,7226.3134765625,7628.267766666667,prediction
2025-08-02 19:00:00,1.9922795295715332,7380.06494140625,7585.595366666667,prediction
2025-08-02 20:00:00,2.101191282272339,7509.3056640625,7460.660733333333,prediction
2025-08-02 21:00:00,1.9425737857818604,7321.08154296875,7272.568049999999,prediction
2025-08-02 22:00:00,1.8183308839797974,7173.6484375,7288.544191666667,prediction
2025-08-02 23:00:00,1.8740712404251099,7239.79248046875,6916.0688,prediction
2025-08-03 00:00:00,1.8770744800567627,7243.3564453125,6540.96405,prediction
2025-08-03 01:00:00,1.7940864562988281,7144.87841796875,6212.531408333333,prediction
2025-08-03 02:00:00,1.8377314805984497,7196.669921875,5970.305741666667,prediction
2025-08-03 03:00:00,1.7987936735153198,7150.46435546875,5779.373658333334,prediction
2025-08-03 04:00:00,1.8777605295181274,7244.17041015625,5690.646066666667,prediction
2025-08-03 05:00:00,1.8974559307098389,7267.54248046875,5763.579583333333,prediction
2025-08-03 06:00:00,1.8987125158309937,7269.033203125,5887.0959,prediction
2025-08-03 07:00:00,1.886023759841919,7253.97607421875,6308.892133333334,prediction
2025-08-03 08:00:00,1.8793675899505615,7246.07763671875,6848.037166666666,prediction
2025-08-03 09:00:00,1.8660333156585693,7230.25439453125,7470.679016666666,prediction
2025-08-03 10:00:00,1.844310998916626,7204.4775390625,8001.023225,prediction
2025-08-03 11:00:00,1.8365215063095093,7195.234375,8207.680808333333,prediction
2025-08-03 12:00:00,1.8425188064575195,7202.35107421875,8256.8115,prediction
2025-08-03 13:00:00,1.8390707969665527,7198.25927734375,8195.664033333333,prediction
2025-08-03 14:00:00,1.8231995105743408,7179.42578125,8190.897708333333,prediction
2025-08-03 15:00:00,1.6702789068222046,6997.9619140625,8421.893208333333,prediction
2025-08-03 16:00:00,0.8803523182868958,6060.59228515625,8448.421166666667,prediction
2025-08-03 17:00:00,0.8455910086631775,6019.3427734375,8298.479166666666,prediction
2025-08-03 18:00:00,0.8763679265975952,6055.8642578125,8094.531908333333,prediction
2025-08-03 19:00:00,0.9984498620033264,6200.7333984375,8206.919008333332,prediction
2025-08-03 20:00:00,0.912815272808075,6099.11474609375,8270.871916666667,prediction
2025-08-03 21:00:00,0.9265897870063782,6115.46044921875,8190.654883333333,prediction
2025-08-03 22:00:00,0.9912011027336121,6192.1318359375,8161.1812,prediction
2025-08-03 23:00:00,1.00922429561615,6213.51904296875,7629.212974999999,prediction
2025-08-04 00:00:00,0.9901790618896484,6190.9189453125,7093.135266666667,prediction
2025-08-04 01:00:00,0.993349552154541,6194.68115234375,6684.919966666667,prediction
2025-08-04 02:00:00,1.0164769887924194,6222.12548828125,6349.489825000001,prediction
2025-08-04 03:00:00,1.0554295778274536,6268.3486328125,6118.426,prediction
2025-08-04 04:00:00,1.1007651090621948,6322.14599609375,5984.196783333333,prediction
2025-08-04 05:00:00,1.1135929822921753,6337.3681640625,6136.986174999999,prediction
2025-08-04 06:00:00,1.0585938692092896,6272.103515625,6515.141558333333,prediction
2025-08-04 07:00:00,1.0300565958023071,6238.23974609375,7385.77965,prediction
2025-08-04 08:00:00,1.063414216041565,6277.82373046875,8282.832858333333,prediction
2025-08-04 09:00:00,1.1280287504196167,6354.49853515625,9030.042625,prediction
2025-08-04 10:00:00,1.1771869659423828,6412.83251953125,9396.5935,prediction
2025-08-04 11:00:00,1.145189642906189,6374.86279296875,9473.058416666669,prediction
2025-08-04 12:00:00,1.1804121732711792,6416.65966796875,9361.975541666669,prediction
2025-08-04 13:00:00,1.2133744955062866,6455.7744140625,9234.427333333331,prediction
2025-08-04 14:00:00,1.2387065887451172,6485.8349609375,9266.58025,prediction
2025-08-04 15:00:00,1.1707743406295776,6405.22265625,9381.671958333334,prediction
2025-08-04 16:00:00,1.2723952531814575,6525.8115234375,9339.4095,prediction
2025-08-04 17:00:00,1.2704201936721802,6523.4677734375,9093.976,prediction
2025-08-04 18:00:00,1.294215202331543,6551.70458984375,8699.420250000001,prediction
2025-08-04 19:00:00,1.3243330717086792,6587.44384765625,8749.410916666666,prediction
2025-08-04 20:00:00,1.3513965606689453,6619.55908203125,8652.260666666667,prediction
2025-08-04 21:00:00,1.3891016244888306,6664.3017578125,8447.772583333333,prediction
2025-08-04 22:00:00,1.40178644657135,6679.3544921875,8425.184,prediction
2025-08-04 23:00:00,1.4094136953353882,6688.4052734375,7883.210041666666,prediction
2025-08-05 00:00:00,1.3881653547286987,6663.19091796875,7375.196791666666,prediction
2025-08-05 01:00:00,1.4201116561889648,6701.10009765625,6988.767374999999,prediction
2025-08-05 02:00:00,1.3407866954803467,6606.96875,6677.114491666667,prediction
2025-08-05 03:00:00,1.3126546144485474,6573.58544921875,6450.258675,prediction
2025-08-05 04:00:00,1.4025620222091675,6680.2744140625,6340.851541666667,prediction
2025-08-05 05:00:00,1.40116548538208,6678.6171875,6469.240075000001,prediction
2025-08-05 06:00:00,1.3797732591629028,6653.232421875,6739.582441666666,prediction
2025-08-05 07:00:00,1.3529562950134277,6621.40966796875,7575.812633333334,prediction
2025-08-05 08:00:00,1.342593789100647,6609.11328125,8370.55975,prediction
2025-08-05 09:00:00,1.3112125396728516,6571.87451171875,9028.741416666666,prediction
2025-08-05 10:00:00,1.3025952577590942,6561.6484375,9278.725416666666,prediction
2025-08-05 11:00:00,1.3251937627792358,6588.46533203125,9333.756666666666,prediction
2025-08-05 12:00:00,1.4010679721832275,6678.50146484375,9225.600333333334,prediction
2025-08-05 13:00:00,1.4753389358520508,6766.6357421875,9175.3605,prediction
2025-08-05 14:00:00,1.514567494392395,6813.1865234375,9174.539666666666,prediction
2025-08-05 15:00:00,1.5538665056228638,6859.82080078125,9345.938291666667,prediction
2025-08-05 16:00:00,1.573456883430481,6883.0673828125,9380.005833333336,prediction
2025-08-05 17:00:00,1.6051369905471802,6920.6611328125,9132.3975,prediction
2025-08-05 18:00:00,1.5935384035110474,6906.8974609375,8785.21825,prediction
2025-08-05 19:00:00,1.589236855506897,6901.79296875,8837.1065,prediction
2025-08-05 20:00:00,1.5807461738586426,6891.71728515625,8781.1365,prediction
2025-08-05 21:00:00,1.565628170967102,6873.77783203125,8586.31375,prediction
2025-08-05 22:00:00,1.5760804414749146,6886.1806640625,8538.821416666668,prediction
2025-08-05 23:00:00,1.5793672800064087,6890.0810546875,8037.339916666667,prediction
2025-08-06 00:00:00,1.5468497276306152,6851.494140625,7544.083549999999,prediction
2025-08-06 01:00:00,1.5563311576843262,6862.7451171875,7150.785216666667,prediction
2025-08-06 02:00:00,1.5708928108215332,6880.02490234375,6812.588616666667,prediction
2025-08-06 03:00:00,1.5659996271133423,6874.21826171875,6551.721183333334,prediction
2025-08-06 04:00:00,1.5800553560256958,6890.89794921875,6417.9601,prediction
2025-08-06 05:00:00,1.5679787397384644,6876.56689453125,6500.355358333333,prediction
2025-08-06 06:00:00,1.551237940788269,6856.70166015625,6781.159183333333,prediction
2025-08-06 07:00:00,1.5654997825622559,6873.62548828125,7581.815549999999,prediction
2025-08-06 08:00:00,1.5877015590667725,6899.97119140625,8452.246308333333,prediction
2025-08-06 09:00:00,1.6034013032913208,6918.60107421875,9175.108166666669,prediction
2025-08-06 10:00:00,1.6351780891418457,6956.30908203125,9507.305125,prediction
2025-08-06 11:00:00,1.6844128370285034,7014.73388671875,9757.457916666666,prediction
2025-08-06 12:00:00,1.7037984132766724,7037.73779296875,9777.32975,prediction
2025-08-06 13:00:00,1.7157706022262573,7051.94482421875,9681.901458333334,prediction
2025-08-06 14:00:00,1.7536619901657104,7096.90869140625,9721.87725,prediction
2025-08-06 15:00:00,1.751975178718567,7094.90673828125,9870.72325,prediction
2025-08-06 16:00:00,1.7668553590774536,7112.564453125,9650.727666666668,prediction
2025-08-06 17:00:00,1.797715425491333,7149.1845703125,9408.932416666668,prediction
2025-08-06 18:00:00,1.7890726327896118,7138.9287109375,9189.87825,prediction
2025-08-06 19:00:00,1.77898371219635,7126.95654296875,9264.781458333331,prediction
2025-08-06 20:00:00,1.7545713186264038,7097.98779296875,9190.25825,prediction
2025-08-06 21:00:00,1.7097487449645996,7044.798828125,8931.2585,prediction
2025-08-06 22:00:00,1.6759133338928223,7004.64794921875,8731.987,prediction
2025-08-06 23:00:00,1.3748739957809448,6647.41845703125,8185.014933333333,prediction
2025-08-07 00:00:00,1.574489951133728,6884.29345703125,7676.852458333334,prediction
2025-08-07 01:00:00,1.435684084892273,6719.5791015625,7302.127675,prediction
2025-08-07 02:00:00,1.4501714706420898,6736.7705078125,6997.502966666667,prediction
2025-08-07 03:00:00,1.5360584259033203,6838.6884765625,6745.508008333333,prediction
2025-08-07 04:00:00,1.4779225587844849,6769.70166015625,6567.2184916666665,prediction
2025-08-07 05:00:00,1.6511985063552856,6975.31982421875,6655.197325,prediction
2025-08-07 06:00:00,1.6638009548187256,6990.27490234375,6903.002741666667,prediction
2025-08-07 07:00:00,1.671893835067749,6999.87841796875,7751.579325,prediction
2025-08-07 08:00:00,1.667881965637207,6995.11767578125,8581.887758333332,prediction
2025-08-07 09:00:00,1.6429427862167358,6965.5234375,9275.921916666668,prediction
2025-08-07 10:00:00,1.6084575653076172,6924.60107421875,9548.117166666669,prediction
2025-08-07 11:00:00,1.602143406867981,6917.1083984375,9666.798875,prediction
2025-08-07 12:00:00,1.6030670404434204,6918.20458984375,9653.478,prediction
2025-08-07 13:00:00,1.5805472135543823,6891.4814453125,9599.64975,prediction
2025-08-07 14:00:00,1.5375701189041138,6840.482421875,9508.08375,prediction
2025-08-07 15:00:00,1.5113999843597412,6809.427734375,9525.51025,prediction
